name,folder,date,bytes,isdir,datenum,LogAxisRatio,AxisRatioNormed,EllipseAngleUnnormed,SemiMajorLength,SemiMinorLength,EllipseArea,center_LLM,center_SLM
1000_LMSim.mat,/home/danny/cisc1/projects/colour_arctic/hyperspectralOutputs,13-Jun-2025 20:40:32,11743854,0,739781.861481481,0.45341589323879,2.84063800530443,93.8796729460477,0.154821420185358,0.00837484307851967,0.00407340505439809,0.693516180299328,0.83184709344081
1001_LMSim.mat,/home/danny/cisc1/projects/colour_arctic/hyperspectralOutputs,13-Jun-2025 20:39:48,11754286,0,739781.860972222,0.463189897673443,2.90529273214746,93.920960926645,0.156645691710384,0.00832163731618577,0.00409521881077927,0.694064085659118,0.826943306610811
1002_LMSim.mat,/home/danny/cisc1/projects/colour_arctic/hyperspectralOutputs,13-Jun-2025 20:38:49,11756431,0,739781.860289352,0.0877847788544465,1.22400947268513,90.6951239639871,0.206538745158658,0.0122680443222914,0.0079602506546524,0.703885268315051,0.956859231653385
1003_LMSim.mat,/home/danny/cisc1/projects/colour_arctic/hyperspectralOutputs,13-Jun-2025 20:36:26,11703674,0,739781.858634259,0.682430720315823,4.81316467133085,93.6031792632528,0.189772592967322,0.00516525493027502,0.00307946395635842,0.689882862102906,1.00967124229368
1004_LMSim.mat,/home/danny/cisc1/projects/colour_arctic/hyperspectralOutputs,13-Jun-2025 20:40:05,11756709,0,739781.861168982,0.286085894991792,1.93235046051912,92.2867382316524,0.198505729559772,0.0111520197120941,0.00695466872095825,0.697198437428596,1.05448144053174
1005_LMSim.mat,/home/danny/cisc1/projects/colour_arctic/hyperspectralOutputs,13-Jun-2025 20:39:06,11761056,0,739781.860486111,0.624138514710634,4.20860837139252,93.1579014642955,0.153702144823076,0.00425474141533561,0.00205448498331295,0.690823373565557,0.982476716263054
1006_LMSim.mat,/home/danny/cisc1/projects/colour_arctic/hyperspectralOutputs,13-Jun-2025 20:36:18,11764719,0,739781.858541667,0.631958796892042,4.28507864358516,93.1682101866111,0.1533058200869,0.00417286227494922,0.00200975244859785,0.690674187472481,0.989685693017372
1007_LMSim.mat,/home/danny/cisc1/projects/colour_arctic/hyperspectralOutputs,13-Jun-2025 20:40:40,11780739,0,739781.861574074,0.110537799664385,1.28984581725115,90.8157381276241,0.249248169921122,0.0137490416085057,0.0107659975634898,0.706203920498215,1.1053003949675
1008_LMSim.mat,/home/danny/cisc1/projects/colour_arctic/hyperspectralOutputs,13-Jun-2025 20:39:57,11647794,0,739781.861076389,0.628076846869742,4.24694705521425,93.5607460764314,0.124589584210369,0.00384673312430916,0.00150564874459855,0.740418064869036,0.324380910101035
1009_LMSim.mat,/home/danny/cisc1/projects/colour_arctic/hyperspectralOutputs,13-Jun-2025 20:38:49,11654150,0,739781.860289352,0.573511011590406,3.74551043703833,93.4902630419546,0.118467767356473,0.00413396337248378,0.00153856801918121,0.740931559700403,0.318996738631806
1010_LMSim.mat,/home/danny/cisc1/projects/colour_arctic/hyperspectralOutputs,13-Jun-2025 20:36:26,11741919,0,739781.858634259,0.317695036656262,2.07823682828827,91.4653255085982,0.290925556988646,0.00930397208592398,0.00850354757672018,0.730201733596556,0.687933239255397
1011_LMSim.mat,/home/danny/cisc1/projects/colour_arctic/hyperspectralOutputs,13-Jun-2025 20:39:25,11674676,0,739781.860706019,0.567641318576563,3.6952286681661,93.2574468025837,0.123891376097045,0.00410017645265697,0.00159585524989654,0.740721154516905,0.326942850231699
1012_LMSim.mat,/home/danny/cisc1/projects/colour_arctic/hyperspectralOutputs,13-Jun-2025 20:38:05,11771323,0,739781.859780093,0.771745210840981,5.91214682295016,92.8293831869723,0.259780073649838,0.00445894015725721,0.00363904438011604,0.712550964569649,0.731307001020208
1013_LMSim.mat,/home/danny/cisc1/projects/colour_arctic/hyperspectralOutputs,13-Jun-2025 20:35:54,11783942,0,739781.858263889,0.615396810269825,4.12474220305005,92.5290790563756,0.254804804173637,0.00578362192741346,0.00462974829433365,0.715554482597516,0.725784575530141
1014_LMSim.mat,/home/danny/cisc1/projects/colour_arctic/hyperspectralOutputs,13-Jun-2025 20:40:39,11772122,0,739781.8615625,0.0925985409106764,1.23765197986732,90.6217009075686,0.288028229090841,0.0145094484448629,0.0131291264332447,0.716286086141789,1.11925068685008
1015_LMSim.mat,/home/danny/cisc1/projects/colour_arctic/hyperspectralOutputs,13-Jun-2025 20:39:57,11823134,0,739781.861076389,0.818402998525772,6.58268386547619,93.9656003549896,0.33204304068489,0.00712131246142066,0.00742855420454021,0.729703299578522,0.513792326195782
1016_LMSim.mat,/home/danny/cisc1/projects/colour_arctic/hyperspectralOutputs,13-Jun-2025 20:38:49,11848009,0,739781.860289352,0.754498755041332,5.68196762751508,93.7992155912513,0.326820587873678,0.00784427226670949,0.00805400581296093,0.730283271924937,0.534257355265555
1017_LMSim.mat,/home/danny/cisc1/projects/colour_arctic/hyperspectralOutputs,13-Jun-2025 20:36:18,11829633,0,739781.858541667,0.780561334528566,6.03338910240213,93.8844503197382,0.320042599759675,0.00736917714856729,0.00740929111876628,0.731298094996769,0.500095580818543
1018_LMSim.mat,/home/danny/cisc1/projects/colour_arctic/hyperspectralOutputs,13-Jun-2025 20:39:57,11695143,0,739781.861076389,0.374819663274664,2.37038921930326,94.4777162949358,0.131812355487189,0.0104640623887653,0.0043331758493723,0.739596926185683,0.402883870993901
1019_LMSim.mat,/home/danny/cisc1/projects/colour_arctic/hyperspectralOutputs,13-Jun-2025 20:38:49,11717333,0,739781.860289352,0.382237662962855,2.41122458430835,95.0413499204796,0.117205661707135,0.0101997296239621,0.00375566739111612,0.739507615516331,0.404751436870618
1020_LMSim.mat,/home/danny/cisc1/projects/colour_arctic/hyperspectralOutputs,13-Jun-2025 20:36:18,11775464,0,739781.858541667,0.239066377807554,1.73406901356312,91.5218452727214,0.281126676341132,0.0128701755598168,0.0113667524513174,0.731462069834752,0.722544181098417
1021_LMSim.mat,/home/danny/cisc1/projects/colour_arctic/hyperspectralOutputs,13-Jun-2025 20:39:57,11534446,0,739781.861076389,0.384286305486553,2.42262561877803,96.7388690099759,0.0328508913111169,0.00375958168440167,0.000388004314821166,0.739283920205142,0.353819903734225
1022_LMSim.mat,/home/danny/cisc1/projects/colour_arctic/hyperspectralOutputs,13-Jun-2025 20:39:06,11709632,0,739781.860486111,0.342683977334119,2.20132404466773,98.1435136823977,0.0645091589566748,0.010101551685916,0.00204719561565726,0.741017920154372,0.365898953201317
1023_LMSim.mat,/home/danny/cisc1/projects/colour_arctic/hyperspectralOutputs,13-Jun-2025 20:37:55,11695771,0,739781.859664352,0.426657593526668,2.6708997874007,92.0476139471975,0.131608757343287,0.00408870408275392,0.00169052010896377,0.742174227706947,0.38091889616857
1024_LMSim.mat,/home/danny/cisc1/projects/colour_arctic/hyperspectralOutputs,13-Jun-2025 20:35:57,11699771,0,739781.858298611,0.24587376301083,1.76146396477816,92.3451564238157,0.149075371797343,0.0101639244176016,0.00476011232211363,0.742809213036228,0.366406846609731
1025_LMSim.mat,/home/danny/cisc1/projects/colour_arctic/hyperspectralOutputs,13-Jun-2025 20:39:48,11715482,0,739781.860972222,0.243642257415363,1.7524363679178,92.2803468617905,0.15252344139796,0.0102161796282464,0.00489525127077005,0.742867518735942,0.367403831318302
1026_LMSim.mat,/home/danny/cisc1/projects/colour_arctic/hyperspectralOutputs,13-Jun-2025 20:38:49,11780333,0,739781.860289352,0.262954031209113,1.83212048755399,91.451730466592,0.299183200721258,0.011763291534751,0.0110564558788225,0.732472011716676,0.752099803146866
1027_LMSim.mat,/home/danny/cisc1/projects/colour_arctic/hyperspectralOutputs,13-Jun-2025 20:36:18,11658072,0,739781.858541667,0.0534316932526612,1.13091950195269,91.061576910203,0.0656146812755169,0.00964142078838252,0.00198743042403525,0.744832386015519,0.349097399521829
1028_LMSim.mat,/home/danny/cisc1/projects/colour_arctic/hyperspectralOutputs,13-Jun-2025 20:40:28,11653296,0,739781.861435185,0.00545881902883441,1.01264872218566,90.1034797663546,0.0626782318277084,0.00882718830672685,0.00173815699445919,0.74475065347066,0.347936657424118
1029_LMSim.mat,/home/danny/cisc1/projects/colour_arctic/hyperspectralOutputs,13-Jun-2025 20:39:38,11695316,0,739781.860856481,0.282284843415093,1.91551185174696,91.4848358375639,0.11124478869795,0.00413026579930316,0.0014434692921996,0.740107647142812,0.400439370408555
1030_LMSim.mat,/home/danny/cisc1/projects/colour_arctic/hyperspectralOutputs,13-Jun-2025 20:38:16,11714650,0,739781.859907407,0.296716131040574,1.98023225866851,91.5476522560351,0.113601031009029,0.00415248540775275,0.00148197289511231,0.740120768038127,0.403916216362463
1031_LMSim.mat,/home/danny/cisc1/projects/colour_arctic/hyperspectralOutputs,13-Jun-2025 20:35:54,11790346,0,739781.858263889,0.212518445787495,1.63124219149847,91.519869666155,0.177247459661788,0.00920615734340362,0.0051263503685928,0.728596932901726,0.503569123443325
1032_LMSim.mat,/home/danny/cisc1/projects/colour_arctic/hyperspectralOutputs,13-Jun-2025 20:39:48,11803486,0,739781.860972222,0.162966296503055,1.45534613381579,90.943613087102,0.292657798104178,0.0125227267255449,0.0115135400715837,0.724597397493955,0.683549179738993
1033_LMSim.mat,/home/danny/cisc1/projects/colour_arctic/hyperspectralOutputs,13-Jun-2025 20:38:49,11780554,0,739781.860289352,0.257464262118211,1.80910703359009,92.0927560735331,0.137892901354302,0.00798386561975115,0.00345863713983009,0.72606924218873,0.472914218742441
1034_LMSim.mat,/home/danny/cisc1/projects/colour_arctic/hyperspectralOutputs,13-Jun-2025 20:36:18,11801481,0,739781.858541667,0.156407129420775,1.43353113352254,91.0616381582459,0.19388630858464,0.00973610053473284,0.00593037374779602,0.724610248472572,0.57525659817681
1035_LMSim.mat,/home/danny/cisc1/projects/colour_arctic/hyperspectralOutputs,13-Jun-2025 20:40:38,11778952,0,739781.861550926,0.0862750235121782,1.21976178689523,90.5615769881318,0.300800487993983,0.0147076855818538,0.0138986540861921,0.717098829622366,1.1559087980057
1036_LMSim.mat,/home/danny/cisc1/projects/colour_arctic/hyperspectralOutputs,13-Jun-2025 20:39:48,11695820,0,739781.860972222,0.232363460000581,1.70751080285914,92.4609810680763,0.107940761323819,0.00820746086895349,0.00278319842764408,0.753325121197669,0.269247514983899
1037_LMSim.mat,/home/danny/cisc1/projects/colour_arctic/hyperspectralOutputs,13-Jun-2025 20:38:49,11728729,0,739781.860289352,0.234635182091754,1.71646590834983,91.85202145565,0.147360930418432,0.00836884627758294,0.00387434078400376,0.751055502928683,0.324551752718091
1038_LMSim.mat,/home/danny/cisc1/projects/colour_arctic/hyperspectralOutputs,13-Jun-2025 20:36:18,11768521,0,739781.858541667,0.10199485136341,1.26472135389074,90.6867657109756,0.280946681877946,0.0141704329862669,0.0125071080134998,0.718541492779372,1.11270073568271
1039_LMSim.mat,/home/danny/cisc1/projects/colour_arctic/hyperspectralOutputs,13-Jun-2025 20:39:31,11755672,0,739781.860775463,0.207184359686522,1.61132950561961,96.9141538151463,0.0838124797718414,0.0191628383747216,0.00504566484851519,0.765741803478447,0.207190747946912
1040_LMSim.mat,/home/danny/cisc1/projects/colour_arctic/hyperspectralOutputs,13-Jun-2025 20:38:16,11755319,0,739781.859907407,0.288287487932188,1.94217110228186,93.2206054174292,0.0626628695587316,0.00489520942400419,0.00096367685363669,0.751833355613175,0.245821850975753
1041_LMSim.mat,/home/danny/cisc1/projects/colour_arctic/hyperspectralOutputs,13-Jun-2025 20:36:18,11777374,0,739781.858541667,0.282992838210577,1.91863710087571,92.6364301538413,0.0769767444534669,0.00504048811128932,0.00121893909710183,0.751553657852786,0.261672848504957
1042_LMSim.mat,/home/danny/cisc1/projects/colour_arctic/hyperspectralOutputs,13-Jun-2025 21:06:22,11785549,0,739781.879421296,0.263968204624283,1.83640389243636,91.5503860737135,0.305487653816896,0.0127689013625022,0.0122545415281193,0.72820761338064,0.923205500889959
1043_LMSim.mat,/home/danny/cisc1/projects/colour_arctic/hyperspectralOutputs,13-Jun-2025 21:05:36,11788625,0,739781.878888889,0.393823502252777,2.47641543518931,95.4606066258899,0.177431586571949,0.0160858909159636,0.0089665614249717,0.756563550333571,0.292956679499692
1044_LMSim.mat,/home/danny/cisc1/projects/colour_arctic/hyperspectralOutputs,13-Jun-2025 21:04:52,11712315,0,739781.87837963,0.337290962782217,2.17415730373223,92.7327838950377,0.214884461313253,0.0119031089429225,0.00803554417934736,0.751372739314809,0.287686375465165
1045_LMSim.mat,/home/danny/cisc1/projects/colour_arctic/hyperspectralOutputs,13-Jun-2025 21:04:10,11749071,0,739781.877893519,0.297089790217568,1.98193674811121,92.8671456530447,0.179103675313426,0.0120578898967835,0.00678462244113776,0.749509343882489,0.340923312598006
1046_LMSim.mat,/home/danny/cisc1/projects/colour_arctic/hyperspectralOutputs,13-Jun-2025 21:03:29,11742055,0,739781.877418982,0.335468950147741,2.1650550833194,93.8898363678077,0.13163371685848,0.0103966660597148,0.00429943226955407,0.759523138965639,0.301398057722131
1047_LMSim.mat,/home/danny/cisc1/projects/colour_arctic/hyperspectralOutputs,13-Jun-2025 21:02:49,11679327,0,739781.876956019,0.182638461362373,1.52278454824836,92.4464426118637,0.0967700484733476,0.00943928175023957,0.00286965561602712,0.759548947840461,0.271214866208613
1048_LMSim.mat,/home/danny/cisc1/projects/colour_arctic/hyperspectralOutputs,13-Jun-2025 21:02:06,11727284,0,739781.876458333,0.308491459236277,2.03465818220449,93.2464502764936,0.107429355478336,0.0078303380783669,0.00264273341623677,0.753940126365556,0.274322471019601
1049_LMSim.mat,/home/danny/cisc1/projects/colour_arctic/hyperspectralOutputs,13-Jun-2025 21:01:22,11740014,0,739781.875949074,0.245370844219866,1.75942534666126,92.0290420059855,0.132087419852062,0.00782057511323703,0.00324526391828836,0.741434736154906,0.391073879128443
1050_LMSim.mat,/home/danny/cisc1/projects/colour_arctic/hyperspectralOutputs,13-Jun-2025 21:00:38,11785000,0,739781.875439815,0.233975279601505,1.71385975042775,91.380959313406,0.24782158726471,0.0105450130980174,0.00820986716752153,0.738623774222594,0.497617387001895
1051_LMSim.mat,/home/danny/cisc1/projects/colour_arctic/hyperspectralOutputs,13-Jun-2025 20:59:56,11716841,0,739781.874953704,0.363599387789973,2.30993302393758,92.5107962773494,0.206543365434615,0.00961089147647884,0.00623626835527385,0.738718217242241,0.434448401434909
1052_LMSim.mat,/home/danny/cisc1/projects/colour_arctic/hyperspectralOutputs,13-Jun-2025 20:59:15,11758124,0,739781.874479167,0.319164224824467,2.08527926493381,92.0658654712844,0.239455025194657,0.0107229273446791,0.00806653814075402,0.736745039394599,0.498810115012926
1053_LMSim.mat,/home/danny/cisc1/projects/colour_arctic/hyperspectralOutputs,13-Jun-2025 20:58:34,11729076,0,739781.87400463,0.268711384425027,1.85657023914692,92.9507197070321,0.10559619048478,0.0081884091143826,0.00271642461054571,0.751494015529465,0.261932335876134
1054_LMSim.mat,/home/danny/cisc1/projects/colour_arctic/hyperspectralOutputs,13-Jun-2025 20:57:51,11750287,0,739781.873506944,0.268431772738721,1.8553753087926,92.6546873450187,0.11593246184998,0.00810934518967385,0.00295352545628241,0.751288603542313,0.267244568800509
1055_LMSim.mat,/home/danny/cisc1/projects/colour_arctic/hyperspectralOutputs,13-Jun-2025 20:57:13,11605937,0,739781.87306713,0.300145771481426,1.99593213964671,94.3964811340516,0.051454954608685,0.00520770311079891,0.000841827850194214,0.746331813851956,0.226416385957563
1056_LMSim.mat,/home/danny/cisc1/projects/colour_arctic/hyperspectralOutputs,13-Jun-2025 20:56:34,11624663,0,739781.872615741,0.290018017481454,1.94992549421821,94.0205688174735,0.0541677232129113,0.00522358500480597,0.000888912719965192,0.746423606490137,0.227606310764462
1057_LMSim.mat,/home/danny/cisc1/projects/colour_arctic/hyperspectralOutputs,13-Jun-2025 20:55:55,11753221,0,739781.872164352,0.320393279811505,2.09118897125279,91.6740007334937,0.241712906613965,0.00874007642362687,0.00663689495073753,0.736639981970337,0.543221230684661
1058_LMSim.mat,/home/danny/cisc1/projects/colour_arctic/hyperspectralOutputs,13-Jun-2025 20:54:52,11819137,0,739781.871435185,0.335695175033674,2.16618315873359,91.9646577375374,0.347109557053122,0.0139319699026919,0.0151924904368461,0.728647482428327,0.768512498875728
1059_LMSim.mat,/home/danny/cisc1/projects/colour_arctic/hyperspectralOutputs,13-Jun-2025 20:53:43,11718816,0,739781.870636574,0.762030620714344,5.78136808545288,95.0924788576827,0.2202508130598,0.00693736494228646,0.00480022875616534,0.712620324459981,0.842681731902228
1060_LMSim.mat,/home/danny/cisc1/projects/colour_arctic/hyperspectralOutputs,13-Jun-2025 20:52:55,11621489,0,739781.870081019,0.562573427508293,3.65235873591139,94.3907961822408,0.111381334859766,0.00502279300265717,0.00175754952529884,0.731372822314439,0.524862635769348
1061_LMSim.mat,/home/danny/cisc1/projects/colour_arctic/hyperspectralOutputs,13-Jun-2025 20:52:00,11794203,0,739781.869444444,0.648732109577028,4.453814343438,93.739071403061,0.234679121733339,0.00721495998617791,0.00531934616670927,0.717927783496035,0.6460097653874
1062_LMSim.mat,/home/danny/cisc1/projects/colour_arctic/hyperspectralOutputs,13-Jun-2025 20:51:11,11806055,0,739781.868877315,0.624743758512735,4.21447768359502,93.7173950387765,0.226421558819959,0.00735881592818137,0.00523450463164666,0.71752968918081,0.651290034058145
1063_LMSim.mat,/home/danny/cisc1/projects/colour_arctic/hyperspectralOutputs,13-Jun-2025 20:50:14,11705137,0,739781.868217593,0.503661058956999,3.18904802111462,93.9102643014118,0.181311582261963,0.00856073061026052,0.00487625323508975,0.72052490743028,0.587529924412151
1064_LMSim.mat,/home/danny/cisc1/projects/colour_arctic/hyperspectralOutputs,13-Jun-2025 20:48:44,11744297,0,739781.867175926,0.518706749186626,3.301465392736,94.0910807848545,0.180240052424193,0.00853552820492308,0.00483316452896855,0.719444141436509,0.608278291722448
1065_LMSim.mat,/home/danny/cisc1/projects/colour_arctic/hyperspectralOutputs,13-Jun-2025 20:47:59,11771565,0,739781.866655093,0.466881384281829,2.93009286083282,93.8474070032266,0.187225285767729,0.00965777120473415,0.00568056178010651,0.718565637731126,0.636999922678529
1066_LMSim.mat,/home/danny/cisc1/projects/colour_arctic/hyperspectralOutputs,13-Jun-2025 20:47:15,11800274,0,739781.866145833,0.452605396094112,2.83534164056492,93.0348145199966,0.164077774650679,0.00697550173907492,0.00359563071113196,0.724835306518668,0.627189975321191
1067_LMSim.mat,/home/danny/cisc1/projects/colour_arctic/hyperspectralOutputs,13-Jun-2025 20:46:28,11671692,0,739781.865601852,0.395358144890637,2.48518168814851,93.2233353849163,0.12759414903637,0.00685840963396666,0.00274918555461876,0.693642899132686,0.990227375790982
1068_LMSim.mat,/home/danny/cisc1/projects/colour_arctic/hyperspectralOutputs,13-Jun-2025 20:45:42,11730868,0,739781.865069444,0.516180550324122,3.28231721341453,93.1002836361126,0.146218044569134,0.00529684332689935,0.00243314489202229,0.687515871894049,1.08673525019816
1069_LMSim.mat,/home/danny/cisc1/projects/colour_arctic/hyperspectralOutputs,13-Jun-2025 20:44:57,11484777,0,739781.864548611,0.529770070836465,3.3866480886165,94.8623767068899,0.0707910116942547,0.00385660276447933,0.00085769504263124,0.736913352171968,0.421095935480292
1070_LMSim.mat,/home/danny/cisc1/projects/colour_arctic/hyperspectralOutputs,13-Jun-2025 20:44:10,11777952,0,739781.86400463,0.431786544545458,2.70262969688311,94.6965378662182,0.15066063646129,0.0104901893392835,0.00496515713477823,0.746746386448756,0.419421382066239
1071_LMSim.mat,/home/danny/cisc1/projects/colour_arctic/hyperspectralOutputs,13-Jun-2025 20:43:25,11330932,0,739781.863483796,0.800100745740213,6.31103728191808,94.1421528006505,0.0327269399391014,0.000766000443710678,7.87561166107476e-05,0.736837025567354,0.427813940418696
1072_LMSim.mat,/home/danny/cisc1/projects/colour_arctic/hyperspectralOutputs,13-Jun-2025 20:42:42,11539175,0,739781.862986111,0.314218086501209,2.06166494466124,93.7116327458771,0.0913848273336689,0.00743902962182399,0.00213570004271847,0.737274490004513,0.403096832882651
1073_LMSim.mat,/home/danny/cisc1/projects/colour_arctic/hyperspectralOutputs,13-Jun-2025 20:41:56,11571429,0,739781.862453704,0.30383042363973,2.01293811652671,93.4080694378404,0.0973360674368684,0.00757329602671133,0.00231584027003708,0.7369954711785,0.411309503514854
1074_LMSim.mat,/home/danny/cisc1/projects/colour_arctic/hyperspectralOutputs,13-Jun-2025 20:41:16,11737058,0,739781.861990741,0.196958486132123,1.57383241587316,91.1352894034828,0.231962041989288,0.0097754855993775,0.00712369203562598,0.728821285522125,0.715459034238347
1075_LMSim.mat,/home/danny/cisc1/projects/colour_arctic/hyperspectralOutputs,13-Jun-2025 21:06:54,11296463,0,739781.879791667,0.572582409881597,3.73751040068151,95.1623606202441,0.0169215750157594,0.000871697825192241,4.63400628768029e-05,0.73886587587324,0.374790576773563
1076_LMSim.mat,/home/danny/cisc1/projects/colour_arctic/hyperspectralOutputs,13-Jun-2025 21:06:04,11659812,0,739781.879212963,0.547742203396137,3.52973582962173,93.8590896443762,0.203760229889299,0.00841492428942163,0.00538665929692042,0.714563065275561,0.70797172556417
1077_LMSim.mat,/home/danny/cisc1/projects/colour_arctic/hyperspectralOutputs,13-Jun-2025 21:05:15,11722504,0,739781.878645833,0.13325351999899,1.35910659540143,90.3348283431972,0.609842027564675,0.0114305469535137,0.0218995018152816,0.720106094565012,0.837370944034671
1078_LMSim.mat,/home/danny/cisc1/projects/colour_arctic/hyperspectralOutputs,13-Jun-2025 21:04:27,11774695,0,739781.878090278,0.0905712095112857,1.23188795686814,90.5394169891324,0.331742973424406,0.0148374426184948,0.0154636018104427,0.715063404330979,1.12378780789608
1079_LMSim.mat,/home/danny/cisc1/projects/colour_arctic/hyperspectralOutputs,13-Jun-2025 21:03:45,11720480,0,739781.877604167,-0.0736445536281842,0.844025263848443,88.9052659645953,0.144765374954159,0.0160306423329184,0.00729063735940952,0.707839102065706,0.543270901485546
1080_LMSim.mat,/home/danny/cisc1/projects/colour_arctic/hyperspectralOutputs,13-Jun-2025 21:02:56,11761843,0,739781.877037037,-0.107149313667406,0.781359121336017,88.7015344165759,0.177393968744484,0.0159937787410027,0.00891332631889866,0.708046134752482,0.635550563827794
1081_LMSim.mat,/home/danny/cisc1/projects/colour_arctic/hyperspectralOutputs,13-Jun-2025 21:02:09,11635042,0,739781.876493056,0.601888330975363,3.99841926214801,93.2835375636749,0.0930755450222892,0.00283722109988345,0.000829618908122491,0.701813257344834,0.708730421908387
1082_LMSim.mat,/home/danny/cisc1/projects/colour_arctic/hyperspectralOutputs,13-Jun-2025 21:01:26,11701459,0,739781.87599537,0.286096606601435,1.93239812135744,92.1419188735121,0.100864174602564,0.00531018315007203,0.00168265977171441,0.703254033750346,0.759183379845128
1083_LMSim.mat,/home/danny/cisc1/projects/colour_arctic/hyperspectralOutputs,13-Jun-2025 21:00:42,11544191,0,739781.875486111,0.87432843360902,7.48735514947951,92.4217383538535,0.0923212859950203,0.00105986413475248,0.000307398620487242,0.686898574989229,1.02223823315139
1084_LMSim.mat,/home/danny/cisc1/projects/colour_arctic/hyperspectralOutputs,13-Jun-2025 20:59:58,11602068,0,739781.874976852,0.495760631577624,3.13155923908512,92.8664577543796,0.0953535311749905,0.00338272822623142,0.0010133366740304,0.688442843777703,1.01180151170038
1085_LMSim.mat,/home/danny/cisc1/projects/colour_arctic/hyperspectralOutputs,13-Jun-2025 20:59:14,11596370,0,739781.874467593,0.746361694411317,5.5764998443087,93.5918950419453,0.0647790564815067,0.00150012556171513,0.000305289664913476,0.68562224531145,1.0754755326018
1086_LMSim.mat,/home/danny/cisc1/projects/colour_arctic/hyperspectralOutputs,13-Jun-2025 20:58:30,11737159,0,739781.873958333,0.338526771582055,2.180352798375,95.8234703788816,0.125212279001489,0.0144853549404481,0.00569804578168754,0.73459047203781,0.447830202609705
1087_LMSim.mat,/home/danny/cisc1/projects/colour_arctic/hyperspectralOutputs,13-Jun-2025 20:57:46,11757326,0,739781.873449074,0.470886901700885,2.95724224580169,93.6648373370404,0.135210714752603,0.00657068768903285,0.00279107692664401,0.726686092580181,0.518130725882401
1088_LMSim.mat,/home/danny/cisc1/projects/colour_arctic/hyperspectralOutputs,13-Jun-2025 20:57:01,11784642,0,739781.872928241,0.432641618465224,2.70795609348524,93.3273927102689,0.143026238693359,0.00706997851275284,0.00317675472303128,0.726720837988479,0.529501235265298
1089_LMSim.mat,/home/danny/cisc1/projects/colour_arctic/hyperspectralOutputs,13-Jun-2025 20:56:15,11803594,0,739781.872395833,0.723606009381717,5.29183152736642,93.8231132132527,0.234553378688922,0.00611177907266547,0.00450359380439166,0.714808338740259,0.693413837655918
1090_LMSim.mat,/home/danny/cisc1/projects/colour_arctic/hyperspectralOutputs,13-Jun-2025 20:55:24,11768091,0,739781.871805556,0.4005958210679,2.51533492562196,94.0939675099099,0.106437771953559,0.0071258692846101,0.00238277754731209,0.7300637423951,0.476775653165134
1091_LMSim.mat,/home/danny/cisc1/projects/colour_arctic/hyperspectralOutputs,13-Jun-2025 20:54:12,11668364,0,739781.870972222,0.561491907535265,3.64327461277195,92.7214739906291,0.163622421325547,0.00460343807756235,0.00236632827746376,0.729278016865533,0.490359877744167
1092_LMSim.mat,/home/danny/cisc1/projects/colour_arctic/hyperspectralOutputs,13-Jun-2025 20:53:29,11699242,0,739781.870474537,0.536617450285112,3.44046742552283,92.5234584184027,0.177344210534852,0.00494921301042064,0.00275742071546932,0.72882719712185,0.506511956021928
1093_LMSim.mat,/home/danny/cisc1/projects/colour_arctic/hyperspectralOutputs,13-Jun-2025 20:52:43,11720083,0,739781.86994213,0.860172697215878,7.24724089343294,94.194906473636,0.300873870966059,0.00617239846674612,0.00583429387663626,0.707228868248803,0.811803690932544
1094_LMSim.mat,/home/danny/cisc1/projects/colour_arctic/hyperspectralOutputs,13-Jun-2025 20:51:56,11546949,0,739781.869398148,0.453178336501186,2.83908461653353,98.9586436584786,0.078386970733252,0.00955305283112739,0.00235253413478468,0.734282599056773,0.439007264830733
1095_LMSim.mat,/home/danny/cisc1/projects/colour_arctic/hyperspectralOutputs,13-Jun-2025 20:51:11,11440012,0,739781.868877315,0.517852027250243,3.2949742673653,94.8506300627694,0.026542314774808,0.00149042214531231,0.000124279060894083,0.734759755574641,0.392929404676527
1096_LMSim.mat,/home/danny/cisc1/projects/colour_arctic/hyperspectralOutputs,13-Jun-2025 20:49:47,11507241,0,739781.867905093,0.16209532577297,1.45243038483201,90.6977879498134,0.0495801393037919,0.0015790713363365,0.000245957101002461,0.730677887360271,0.426835699887353
1097_LMSim.mat,/home/danny/cisc1/projects/colour_arctic/hyperspectralOutputs,13-Jun-2025 20:48:30,11689121,0,739781.867013889,0.329265897040641,2.13435127096188,95.0560124401057,0.0683743053970773,0.00712814033068172,0.00153115459191815,0.737308469695925,0.395156677354605
1098_LMSim.mat,/home/danny/cisc1/projects/colour_arctic/hyperspectralOutputs,13-Jun-2025 20:47:44,11698132,0,739781.866481481,0.311122027748457,2.04701972604437,94.7449944622745,0.0694406982794998,0.00726575333210609,0.00158505596843678,0.737175307385912,0.398729799084491
1099_LMSim.mat,/home/danny/cisc1/projects/colour_arctic/hyperspectralOutputs,13-Jun-2025 20:46:55,11768424,0,739781.865914352,0.229032952868061,1.69446636622607,91.2090084252776,0.268108491484592,0.0102280959299687,0.00861499906088448,0.73124093628892,0.613726175174737
1100_LMSim.mat,/home/danny/cisc1/projects/colour_arctic/hyperspectralOutputs,13-Jun-2025 20:46:07,11686530,0,739781.865358796,0.257637921713328,1.80983057862497,99.8348223522871,0.0425333183748062,0.0106701980988288,0.00142577705738518,0.744686019543313,0.289012503778957
1101_LMSim.mat,/home/danny/cisc1/projects/colour_arctic/hyperspectralOutputs,13-Jun-2025 20:45:20,11528772,0,739781.864814815,0.449960085666865,2.81812391644703,94.1915252740394,0.0430447968744546,0.00253876629603041,0.000343315379972969,0.737542589050462,0.366048256194354
1102_LMSim.mat,/home/danny/cisc1/projects/colour_arctic/hyperspectralOutputs,13-Jun-2025 20:44:37,11399803,0,739781.86431713,0.0896613361722661,1.22930977837916,91.8828284808263,0.0162174381070435,0.00250038930850263,0.000127391295759949,0.734977275413393,0.311349735038725
1103_LMSim.mat,/home/danny/cisc1/projects/colour_arctic/hyperspectralOutputs,13-Jun-2025 20:43:50,11719212,0,739781.863773148,0.81744281193135,6.56814621173179,94.0044864685819,0.208752890586646,0.00453116078893059,0.00297161022468519,0.718870110882393,0.597612212203018
1104_LMSim.mat,/home/danny/cisc1/projects/colour_arctic/hyperspectralOutputs,13-Jun-2025 20:43:05,11774135,0,739781.863252315,0.0740505840141221,1.18590686743611,90.6447762089435,0.226865042801015,0.0148357516720703,0.0105737006111274,0.715609788962084,0.923068642249026
1105_LMSim.mat,/home/danny/cisc1/projects/colour_arctic/hyperspectralOutputs,13-Jun-2025 20:42:22,11725035,0,739781.86275463,0.892654544005988,7.81006312356472,93.2926576341213,0.300204070883281,0.00448065536873845,0.0042257907790638,0.686178858930229,1.27812141907326
1106_LMSim.mat,/home/danny/cisc1/projects/colour_arctic/hyperspectralOutputs,13-Jun-2025 20:41:36,11665001,0,739781.862222222,0.53304322810499,3.41226874422935,93.7603903710843,0.161603266111325,0.00676917105624648,0.00343665151174114,0.7347288277634,0.490006936054705
1107_LMSim.mat,/home/danny/cisc1/projects/colour_arctic/hyperspectralOutputs,13-Jun-2025 20:40:50,11781893,0,739781.861689815,0.833982315844622,6.82310910372079,93.1540782881446,0.521696257757719,0.00858321985685337,0.014067529389416,0.698735464092832,1.41760553559529
1108_LMSim.mat,/home/danny/cisc1/projects/colour_arctic/hyperspectralOutputs,13-Jun-2025 21:06:41,11817201,0,739781.879641204,0.734181215255214,5.42227094804841,92.2852299407703,0.719182621252642,0.0109386200047424,0.0247144865722296,0.686222734493524,1.90902787027748
1109_LMSim.mat,/home/danny/cisc1/projects/colour_arctic/hyperspectralOutputs,13-Jun-2025 21:05:47,11817455,0,739781.879016204,0.304970478887113,2.01822917014428,92.8921239304605,0.171650105770868,0.0113113149085089,0.00609967985515877,0.728587106315257,0.526494647765617
1110_LMSim.mat,/home/danny/cisc1/projects/colour_arctic/hyperspectralOutputs,13-Jun-2025 21:05:01,11828782,0,739781.878483796,0.279375366893041,1.90272211919386,92.7690145101531,0.167232618664479,0.0116620743744248,0.00612698292244964,0.727783930078917,0.532966334206474
1111_LMSim.mat,/home/danny/cisc1/projects/colour_arctic/hyperspectralOutputs,13-Jun-2025 21:04:16,11778596,0,739781.877962963,0.169641107506897,1.477886586738,91.0472124706904,0.288909828414074,0.0131504881440061,0.011935869535175,0.720570524984598,0.946772554912485
1112_LMSim.mat,/home/danny/cisc1/projects/colour_arctic/hyperspectralOutputs,13-Jun-2025 21:03:28,11758006,0,739781.877407407,0.550885439475463,3.55537520606804,94.7046529507014,0.0944600880553765,0.00470497421351188,0.00139622518117453,0.738546723242854,0.378593354232227
1113_LMSim.mat,/home/danny/cisc1/projects/colour_arctic/hyperspectralOutputs,13-Jun-2025 21:02:38,11846104,0,739781.876828704,0.69341792253386,4.93648614608761,94.6085261721172,0.318467637099266,0.0107632480065763,0.0107685821551535,0.718514261928429,0.744955152501774
1114_LMSim.mat,/home/danny/cisc1/projects/colour_arctic/hyperspectralOutputs,13-Jun-2025 21:01:48,11860269,0,739781.87625,0.682139221718747,4.80993515758935,94.6726961158296,0.30708594222587,0.0108222629438007,0.0104406584820751,0.718002889567845,0.751455796734419
1115_LMSim.mat,/home/danny/cisc1/projects/colour_arctic/hyperspectralOutputs,13-Jun-2025 21:01:02,11805569,0,739781.875717593,0.224267242551351,1.67597386714982,91.9708658428752,0.25607635034754,0.0162440990069693,0.0130681759158023,0.71177022276927,0.999325904958446
1116_LMSim.mat,/home/danny/cisc1/projects/colour_arctic/hyperspectralOutputs,13-Jun-2025 21:00:17,11590437,0,739781.875196759,0.372011989212547,2.35511429871277,100.026939073417,0.0789373830841081,0.0136046674968837,0.00337380928631714,0.73353667082769,0.445637932605235
1117_LMSim.mat,/home/danny/cisc1/projects/colour_arctic/hyperspectralOutputs,13-Jun-2025 20:59:36,11696444,0,739781.874722222,0.615294790875007,4.12377338051239,94.5547467840848,0.2013416503421,0.00819933294171262,0.00518635234984679,0.681613862441677,1.26660392205076
1118_LMSim.mat,/home/danny/cisc1/projects/colour_arctic/hyperspectralOutputs,13-Jun-2025 20:58:57,11648820,0,739781.874270833,0.768865282561209,5.87307142554467,93.3784482658205,0.179518842990649,0.00370215380351024,0.00208792248128872,0.679108266710639,1.27675830584878
1119_LMSim.mat,/home/danny/cisc1/projects/colour_arctic/hyperspectralOutputs,13-Jun-2025 20:58:17,11699099,0,739781.87380787,0.841432899946257,6.94117349811023,93.7314992576113,0.203524862251882,0.00388773750410172,0.00248578908270826,0.715841716201092,0.660977233069769
1120_LMSim.mat,/home/danny/cisc1/projects/colour_arctic/hyperspectralOutputs,13-Jun-2025 20:57:32,11709050,0,739781.873287037,0.81182596909551,6.48374564202213,93.7895935320152,0.189426793108032,0.0039456200821327,0.00234804569830262,0.717798135430293,0.630642761126143
1121_LMSim.mat,/home/danny/cisc1/projects/colour_arctic/hyperspectralOutputs,13-Jun-2025 20:56:49,11770606,0,739781.872789352,0.154132573795585,1.42604284449194,90.8774206656488,0.274631166710842,0.0115825662926953,0.00999319792609878,0.719229640544849,0.860326274853379
1122_LMSim.mat,/home/danny/cisc1/projects/colour_arctic/hyperspectralOutputs,13-Jun-2025 20:56:08,11741387,0,739781.872314815,0.855851970954577,7.17549673156575,94.1820733095266,0.136972149985033,0.002830532089289,0.00121800824510893,0.739689610752178,0.379021067424977
1123_LMSim.mat,/home/danny/cisc1/projects/colour_arctic/hyperspectralOutputs,13-Jun-2025 20:55:17,11755516,0,739781.871724537,0.817855507000947,6.57439066104816,94.0413149788863,0.14134294598227,0.00309289526756241,0.0013733752789553,0.739878912515084,0.384220638426982
1124_LMSim.mat,/home/danny/cisc1/projects/colour_arctic/hyperspectralOutputs,13-Jun-2025 20:54:03,11759161,0,739781.870868055,0.220145504815973,1.66014302397641,91.3960824498641,0.262983717912461,0.0120853637896473,0.00998477910890579,0.724483698924488,0.914515217728926
1125_LMSim.mat,/home/danny/cisc1/projects/colour_arctic/hyperspectralOutputs,13-Jun-2025 20:53:15,11777266,0,739781.8703125,0.564873517090554,3.67175349634479,96.3130690031864,0.101938269398709,0.00652795226567345,0.00209056704037117,0.750479270695448,0.312391886453843
1126_LMSim.mat,/home/danny/cisc1/projects/colour_arctic/hyperspectralOutputs,13-Jun-2025 20:52:35,11734409,0,739781.869849537,0.509071626639491,3.22902662964111,95.8884335041272,0.0832654889977793,0.0057931977175274,0.00151542085793785,0.7449435380665,0.35410564992332
1127_LMSim.mat,/home/danny/cisc1/projects/colour_arctic/hyperspectralOutputs,13-Jun-2025 20:51:50,11742700,0,739781.869328704,0.467558498782629,2.93466477205661,95.8972523876647,0.0794423074821316,0.00622171888457706,0.0015527877899795,0.745258020178603,0.354157735801216
1128_LMSim.mat,/home/danny/cisc1/projects/colour_arctic/hyperspectralOutputs,13-Jun-2025 20:51:01,11734372,0,739781.868761574,0.59538091911026,3.93895409125251,94.5757120360016,0.135973083396496,0.00585756712372035,0.00250218889699933,0.745635320442359,0.358192347902341
1129_LMSim.mat,/home/danny/cisc1/projects/colour_arctic/hyperspectralOutputs,13-Jun-2025 20:49:47,11689360,0,739781.867905093,0.387978383470375,2.44330893665541,96.0934575788132,0.140721493022778,0.0144507668927195,0.00638853388076507,0.763473198507819,0.231522383871681
1130_LMSim.mat,/home/danny/cisc1/projects/colour_arctic/hyperspectralOutputs,13-Jun-2025 20:48:24,11692281,0,739781.866944444,0.388717687231252,2.44747174764084,95.4101298000492,0.162343363517029,0.0148229999321786,0.00755997777905369,0.763403714229568,0.235216943761081
1131_LMSim.mat,/home/danny/cisc1/projects/colour_arctic/hyperspectralOutputs,13-Jun-2025 20:47:40,11789129,0,739781.866435185,0.838796400705051,6.89916292012902,96.4314704412743,0.105838896035479,0.00348467743497051,0.00115866464965549,0.745439530946341,0.346474911458664
1132_LMSim.mat,/home/danny/cisc1/projects/colour_arctic/hyperspectralOutputs,13-Jun-2025 20:46:55,11800924,0,739781.865914352,0.785093959360112,6.09668784461886,96.2562630089105,0.107169706969326,0.00390849031086672,0.00131592444812154,0.745293841146744,0.352627686920429
1133_LMSim.mat,/home/danny/cisc1/projects/colour_arctic/hyperspectralOutputs,13-Jun-2025 20:46:15,11587273,0,739781.865451389,0.793552244278245,6.21659026906064,95.3763223222282,0.136653247520686,0.004206124905215,0.0018057265976445,0.746264931943096,0.36549198018395
1134_LMSim.mat,/home/danny/cisc1/projects/colour_arctic/hyperspectralOutputs,13-Jun-2025 20:45:33,11604435,0,739781.864965278,0.790799878503034,6.1773168577667,95.3799298156477,0.136178534644608,0.004222330397046,0.00180638676714902,0.746126106416502,0.367725412662111
1135_LMSim.mat,/home/danny/cisc1/projects/colour_arctic/hyperspectralOutputs,13-Jun-2025 20:44:53,11745267,0,739781.864502315,0.291570050984561,1.95690638825674,92.4549783282749,0.163369824436146,0.00963705526930273,0.00494613612634818,0.738658506425159,0.581010903825151
1136_LMSim.mat,/home/danny/cisc1/projects/colour_arctic/hyperspectralOutputs,13-Jun-2025 20:44:11,11683149,0,739781.864016204,0.447928785134657,2.80497364546394,98.3247293791264,0.0891982934609421,0.0102987037464623,0.00288595120326812,0.760523332939934,0.263923006536744
1137_LMSim.mat,/home/danny/cisc1/projects/colour_arctic/hyperspectralOutputs,13-Jun-2025 20:43:29,11792433,0,739781.863530093,0.372228234985212,2.35628725933242,95.6903156300713,0.11284617654134,0.0114084555169301,0.00404448822109215,0.753823995561682,0.309123254060376
1138_LMSim.mat,/home/danny/cisc1/projects/colour_arctic/hyperspectralOutputs,13-Jun-2025 20:42:44,11809067,0,739781.863009259,0.395510293082293,2.48605248470877,96.1877095466639,0.118533543362061,0.0120646863629879,0.00449269748201028,0.756321423468574,0.304165838511541
1139_LMSim.mat,/home/danny/cisc1/projects/colour_arctic/hyperspectralOutputs,13-Jun-2025 20:42:02,11786757,0,739781.862523148,0.188564674131246,1.54370629138414,91.3070505369863,0.261389544684932,0.0132724001068369,0.0108990225292569,0.733555737024183,0.790825189826465
1140_LMSim.mat,/home/danny/cisc1/projects/colour_arctic/hyperspectralOutputs,13-Jun-2025 20:41:23,11617487,0,739781.862071759,0.724773937324886,5.30608175632329,93.1246657378478,0.225058449832878,0.00478498429522372,0.00338318473506638,0.721544838613093,0.598680945394015
1141_LMSim.mat,/home/danny/cisc1/projects/colour_arctic/hyperspectralOutputs,13-Jun-2025 21:07:07,11697233,0,739781.87994213,0.78809402887373,6.13894904845696,92.6014231825792,0.207443380358319,0.00314706997450047,0.00205095368403858,0.726256484174648,0.542337624611082
1142_LMSim.mat,/home/danny/cisc1/projects/colour_arctic/hyperspectralOutputs,13-Jun-2025 21:06:07,11717816,0,739781.879247685,0.73037374952788,5.37494159537026,92.4586317853623,0.20893358840494,0.00345050506640152,0.00226485709877209,0.726553528070181,0.545135411736348
1143_LMSim.mat,/home/danny/cisc1/projects/colour_arctic/hyperspectralOutputs,13-Jun-2025 21:05:18,11761101,0,739781.878680555,0.342762767254715,2.2017234461979,91.297023627516,0.36674219196764,0.00949185625564587,0.0109360856201223,0.724054382114486,0.750664500588457
1144_LMSim.mat,/home/danny/cisc1/projects/colour_arctic/hyperspectralOutputs,13-Jun-2025 21:04:26,11643460,0,739781.878078704,0.226512716659113,1.68466175495229,92.5385054174038,0.0771451012352852,0.00621646041560913,0.00150661191782906,0.722870634066032,0.47057492891845
1145_LMSim.mat,/home/danny/cisc1/projects/colour_arctic/hyperspectralOutputs,13-Jun-2025 21:03:39,11716127,0,739781.877534722,0.275039558322611,1.88382067212597,92.8236722739171,0.0895876240852059,0.00648177612304953,0.00182428177044096,0.763542221106834,0.199179311764756
1146_LMSim.mat,/home/danny/cisc1/projects/colour_arctic/hyperspectralOutputs,13-Jun-2025 21:02:55,11738031,0,739781.877025463,0.311593809373688,2.04924464732927,94.6316979036609,0.127679719888363,0.0130273393106954,0.0052254959907838,0.765696292685577,0.213182782916007
1147_LMSim.mat,/home/danny/cisc1/projects/colour_arctic/hyperspectralOutputs,13-Jun-2025 21:02:14,11764896,0,739781.876550926,0.303123309812004,2.00966333800422,94.1663205862038,0.138708684893805,0.0131742246026695,0.00574088160138629,0.76467060468433,0.234892533593553
1148_LMSim.mat,/home/danny/cisc1/projects/colour_arctic/hyperspectralOutputs,13-Jun-2025 21:01:31,11787832,0,739781.876053241,0.207398933610216,1.61212581949385,91.329143188195,0.326560732717542,0.0152371898107243,0.0156321499429438,0.725640674401825,1.01562597542416
1149_LMSim.mat,/home/danny/cisc1/projects/colour_arctic/hyperspectralOutputs,13-Jun-2025 21:00:43,11758284,0,739781.875497685,0.303253904542739,2.01026774565313,93.7374873639377,0.0915555325931104,0.00781582395401953,0.002248066917881,0.758592700098384,0.227495495809212
1150_LMSim.mat,/home/danny/cisc1/projects/colour_arctic/hyperspectralOutputs,13-Jun-2025 21:00:03,11784819,0,739781.875034722,0.278747528036655,1.89997343171388,92.8385085179413,0.112754747704018,0.00807812396396062,0.00286150970803414,0.757282188788416,0.255683336482972
1151_LMSim.mat,/home/danny/cisc1/projects/colour_arctic/hyperspectralOutputs,13-Jun-2025 20:59:11,11776724,0,739781.87443287,0.160569934688149,1.4473378999782,91.0523302741207,0.302980008755319,0.0146756010625195,0.013968820735415,0.722123185783431,1.04542423267619
1152_LMSim.mat,/home/danny/cisc1/projects/colour_arctic/hyperspectralOutputs,13-Jun-2025 20:58:30,11632674,0,739781.873958333,0.348647536440354,2.23176024161201,96.0452872210345,0.0549024655787044,0.00636065449871124,0.00109709320957719,0.74813965305888,0.273420391338182
1153_LMSim.mat,/home/danny/cisc1/projects/colour_arctic/hyperspectralOutputs,13-Jun-2025 20:57:46,11698935,0,739781.873449074,0.35718697022806,2.27607710489089,98.9284020509974,0.0771852892666906,0.0125455657113937,0.00304210821114455,0.77154283902933,0.223923625776937
1154_LMSim.mat,/home/danny/cisc1/projects/colour_arctic/hyperspectralOutputs,13-Jun-2025 20:56:53,11555491,0,739781.872835648,0.354937348205011,2.26431763110254,97.9518990210722,0.041414759387307,0.0060916064899717,0.000792568588079193,0.755782499604591,0.224372182244153
1155_LMSim.mat,/home/danny/cisc1/projects/colour_arctic/hyperspectralOutputs,13-Jun-2025 20:56:02,11636701,0,739781.87224537,0.0675103036447529,1.16818144465931,91.3142252831688,0.0555304574020285,0.00798930075096871,0.00139376608858294,0.753752807112295,0.233297838384343
1156_LMSim.mat,/home/danny/cisc1/projects/colour_arctic/hyperspectralOutputs,13-Jun-2025 20:54:51,11581871,0,739781.871423611,0.410651711934777,2.57425587124998,97.7035541520482,0.059094010965676,0.00707958342913981,0.00131431978381107,0.754388832588693,0.230424934166815
1157_LMSim.mat,/home/danny/cisc1/projects/colour_arctic/hyperspectralOutputs,13-Jun-2025 20:53:42,11631417,0,739781.870625,0.293357521058125,1.96497722496632,106.944817610317,0.0747032908554182,0.0253207248442744,0.00594245279463195,0.768740167678929,0.231248266626533
1158_LMSim.mat,/home/danny/cisc1/projects/colour_arctic/hyperspectralOutputs,13-Jun-2025 20:52:50,11657581,0,739781.870023148,0.268298295110088,1.85480515869015,93.7957169117687,0.0851001828529598,0.00846059554679265,0.00226194114392434,0.753495631122632,0.249743571063573
1159_LMSim.mat,/home/danny/cisc1/projects/colour_arctic/hyperspectralOutputs,13-Jun-2025 20:52:01,11623399,0,739781.869456019,0.327461563031675,2.12550222061422,93.4016696763992,0.0538516806180203,0.00383499701220104,0.000648804964081035,0.728289548522557,0.44940753173286
1160_LMSim.mat,/home/danny/cisc1/projects/colour_arctic/hyperspectralOutputs,13-Jun-2025 20:51:05,11682864,0,739781.86880787,0.140661265884261,1.38248766756387,91.5234252603443,0.0835299834633582,0.00669241042237805,0.00175620348652467,0.729746773159278,0.418813710313255
1161_LMSim.mat,/home/danny/cisc1/projects/colour_arctic/hyperspectralOutputs,13-Jun-2025 20:49:10,11744524,0,739781.867476852,0.434355917765151,2.71866638733914,93.8012966159643,0.16671605472473,0.00935296842946231,0.00489865399789872,0.721716343764349,0.596039637602305
1162_LMSim.mat,/home/danny/cisc1/projects/colour_arctic/hyperspectralOutputs,13-Jun-2025 20:48:08,11756724,0,739781.866759259,0.512001767996467,3.25088620806263,93.6215025882521,0.192945798504884,0.00824989081519623,0.00500072991762831,0.719556571062165,0.611570933338801
1163_LMSim.mat,/home/danny/cisc1/projects/colour_arctic/hyperspectralOutputs,13-Jun-2025 20:47:25,11776915,0,739781.866261574,0.254137031423196,1.79530000222288,91.8393796521077,0.236398933750782,0.0122163679702139,0.0090727196603573,0.717878638482956,0.803830510484236
1164_LMSim.mat,/home/danny/cisc1/projects/colour_arctic/hyperspectralOutputs,13-Jun-2025 20:46:38,11679981,0,739781.865717593,0.369152970050539,2.33966118434902,92.0245622842313,0.202355728313682,0.0074620313101084,0.00474375709331449,0.692030922954276,0.939568547472226
1165_LMSim.mat,/home/danny/cisc1/projects/colour_arctic/hyperspectralOutputs,13-Jun-2025 20:45:52,11723750,0,739781.865185185,0.372581984678492,2.35820732853858,92.2422410451026,0.216846810651772,0.00875184477012421,0.00596214477807655,0.693760168515228,0.922631726447546
330_LMSim.mat,/home/danny/cisc1/projects/colour_arctic/hyperspectralOutputs,13-Jun-2025 21:30:51,11547927,0,739781.896423611,0.527631317896153,3.37001099572206,94.6375358704787,0.134779720213504,0.00704903378774119,0.00298472288460037,0.7014624011579,0.944049889357035
331_LMSim.mat,/home/danny/cisc1/projects/colour_arctic/hyperspectralOutputs,13-Jun-2025 21:30:14,11547797,0,739781.89599537,0.649903370963118,4.46584217635078,95.1517486836654,0.146879720298758,0.00618227031051593,0.00285272363012814,0.696489011302028,0.914388426448247
332_LMSim.mat,/home/danny/cisc1/projects/colour_arctic/hyperspectralOutputs,13-Jun-2025 21:29:25,11541053,0,739781.895428241,0.629894859863966,4.26476258912493,94.8860529375842,0.148002577922324,0.00622190651384086,0.00289296136755378,0.695965504373252,0.919505577004474
333_LMSim.mat,/home/danny/cisc1/projects/colour_arctic/hyperspectralOutputs,13-Jun-2025 21:28:46,11553171,0,739781.894976852,0.615527755255713,4.1259860497157,95.5981190845007,0.160079394783782,0.0079836074758373,0.00401499013507044,0.702565659176231,0.90901041049771
334_LMSim.mat,/home/danny/cisc1/projects/colour_arctic/hyperspectralOutputs,13-Jun-2025 21:28:07,11625943,0,739781.894525463,0.355413237034808,2.2668001725846,94.4712441492696,0.118924927010142,0.0100533738277194,0.0037560779622687,0.699858704625338,0.937492001494906
335_LMSim.mat,/home/danny/cisc1/projects/colour_arctic/hyperspectralOutputs,13-Jun-2025 21:27:27,11392650,0,739781.8940625,0.507351736237424,3.21626434499304,95.0540240845557,0.111639261601977,0.0067194334681114,0.00235667386821418,0.695744676582008,0.978023893907424
336_LMSim.mat,/home/danny/cisc1/projects/colour_arctic/hyperspectralOutputs,13-Jun-2025 21:26:44,11683212,0,739781.893564815,0.491711186565533,3.10249568798588,91.9164473836173,0.232549284778605,0.00558820569889376,0.004082604075084,0.692813244484267,0.849745927331591
337_LMSim.mat,/home/danny/cisc1/projects/colour_arctic/hyperspectralOutputs,13-Jun-2025 21:31:49,11584572,0,739781.897094907,0.48977940881017,3.08872617736944,92.6655235419766,0.108357060250418,0.00363697746629333,0.00123807711777136,0.694921483323472,0.879989272846357
338_LMSim.mat,/home/danny/cisc1/projects/colour_arctic/hyperspectralOutputs,13-Jun-2025 21:31:06,11592287,0,739781.896597222,0.346069768716189,2.21855279814397,90.9026538631218,0.179604557722487,0.00319963931205277,0.00180537843295545,0.693261937347176,0.828651382934074
339_LMSim.mat,/home/danny/cisc1/projects/colour_arctic/hyperspectralOutputs,13-Jun-2025 21:30:26,11618976,0,739781.896134259,0.225387245711782,1.68030161850804,91.6433380276642,0.104423303407811,0.00550159214972632,0.0018048274691198,0.692826413516023,0.927395869165654
340_LMSim.mat,/home/danny/cisc1/projects/colour_arctic/hyperspectralOutputs,13-Jun-2025 21:29:46,11638349,0,739781.895671296,0.212902367085909,1.63268486586391,91.5299986739823,0.104954623522915,0.00547678085309786,0.00180582978256133,0.692789316013736,0.926830404738222
341_LMSim.mat,/home/danny/cisc1/projects/colour_arctic/hyperspectralOutputs,13-Jun-2025 21:29:03,11573241,0,739781.895173611,0.208124810010332,1.61482256701249,90.9024976389445,0.110440396791702,0.00349066580379699,0.001211117006325,0.692930837442588,0.866587487343501
342_LMSim.mat,/home/danny/cisc1/projects/colour_arctic/hyperspectralOutputs,13-Jun-2025 21:28:21,11505707,0,739781.8946875,0.16471697327187,1.46122459407319,90.8083498341021,0.0936120520693715,0.00339517738252112,0.000998490891149406,0.693294195555564,0.848742260840904
343_LMSim.mat,/home/danny/cisc1/projects/colour_arctic/hyperspectralOutputs,13-Jun-2025 21:27:38,11664363,0,739781.894189815,0.394337129591495,2.47934595162666,92.0013756810778,0.161917483334558,0.0054382102193356,0.00276630211871796,0.696428667675674,0.804463609008194
344_LMSim.mat,/home/danny/cisc1/projects/colour_arctic/hyperspectralOutputs,13-Jun-2025 21:26:56,11679875,0,739781.893703704,0.3847069312573,2.42497313283445,91.9506402084587,0.162352793666079,0.00548221763496199,0.00279618506101821,0.696531076567081,0.806330653928226
345_LMSim.mat,/home/danny/cisc1/projects/colour_arctic/hyperspectralOutputs,13-Jun-2025 21:31:48,11585336,0,739781.897083333,0.545226561630643,3.50934901026315,92.3937256423504,0.108198127491224,0.00279870406084873,0.000951319930450017,0.693011096689121,0.904661898860973
346_LMSim.mat,/home/danny/cisc1/projects/colour_arctic/hyperspectralOutputs,13-Jun-2025 21:31:06,11587336,0,739781.896597222,0.280154668471069,1.90613944448153,91.0378098994977,0.146865115810509,0.00384763466685381,0.00177526157832792,0.692308177611452,0.886639751290774
347_LMSim.mat,/home/danny/cisc1/projects/colour_arctic/hyperspectralOutputs,13-Jun-2025 21:30:26,11755949,0,739781.896134259,0.236886113397399,1.72538537865278,94.4440795159973,0.0887477888006458,0.0117571775170994,0.00327801162473719,0.762728205692814,0.19848490720916
348_LMSim.mat,/home/danny/cisc1/projects/colour_arctic/hyperspectralOutputs,13-Jun-2025 21:29:40,11731246,0,739781.895601852,0.244029288313946,1.7539987854881,94.6598846002994,0.0860397720953226,0.0115571930908201,0.00312393143523557,0.7625459165865,0.195608708706617
349_LMSim.mat,/home/danny/cisc1/projects/colour_arctic/hyperspectralOutputs,13-Jun-2025 21:28:53,11737675,0,739781.89505787,0.235991163022952,1.72183353894732,93.8579548386648,0.0941082685021102,0.0109239519224913,0.00322966469232556,0.763381163601589,0.200708417017731
350_LMSim.mat,/home/danny/cisc1/projects/colour_arctic/hyperspectralOutputs,13-Jun-2025 21:28:11,11560045,0,739781.894571759,0.494654292403476,3.12359193196209,94.1841285221272,0.129340011223045,0.00669640921862031,0.00272097625956351,0.720661336410127,0.529248791687371
351_LMSim.mat,/home/danny/cisc1/projects/colour_arctic/hyperspectralOutputs,13-Jun-2025 21:27:30,11421645,0,739781.894097222,0.404019276984491,2.53524115948902,93.4724483321818,0.0877298642573451,0.00493936817228835,0.00136134665645196,0.738409130024863,0.347556884082096
352_LMSim.mat,/home/danny/cisc1/projects/colour_arctic/hyperspectralOutputs,13-Jun-2025 21:26:46,11430352,0,739781.893587963,0.450144123081775,2.81931838280012,93.5067819179028,0.0965776432555272,0.0047730400451597,0.00144817669426584,0.736960691372326,0.36565628037243
353_LMSim.mat,/home/danny/cisc1/projects/colour_arctic/hyperspectralOutputs,13-Jun-2025 21:31:57,11551136,0,739781.8971875,0.737110214473622,5.45896380116885,98.6443324012852,0.066380572868529,0.00372744451489908,0.00077732396313884,0.7565956047279,0.223277997991081
354_LMSim.mat,/home/danny/cisc1/projects/colour_arctic/hyperspectralOutputs,13-Jun-2025 21:31:17,11549190,0,739781.896724537,0.737486304890619,5.46369320315521,98.3485822443701,0.0696106378966021,0.00377626391061914,0.000825824616494433,0.756326344475057,0.226706136581706
355_LMSim.mat,/home/danny/cisc1/projects/colour_arctic/hyperspectralOutputs,13-Jun-2025 21:30:37,11554139,0,739781.896261574,0.733424543504679,5.41283194462945,98.1190573704156,0.0718918135770004,0.00383427416157585,0.000865989198550873,0.756129109859783,0.228450528626256
356_LMSim.mat,/home/danny/cisc1/projects/colour_arctic/hyperspectralOutputs,13-Jun-2025 21:29:49,11721354,0,739781.895706019,0.49355937074055,3.1157268059771,94.1833341571548,0.209573447638518,0.0108818415594055,0.00716454358236281,0.713571164586127,0.644565330744066
357_LMSim.mat,/home/danny/cisc1/projects/colour_arctic/hyperspectralOutputs,13-Jun-2025 21:29:04,11731999,0,739781.895185185,0.489456256262305,3.08642875357006,94.289161600071,0.204245271239589,0.0109965403768047,0.00705598999416798,0.713682077192768,0.653454383177415
358_LMSim.mat,/home/danny/cisc1/projects/colour_arctic/hyperspectralOutputs,13-Jun-2025 21:28:24,11725478,0,739781.894722222,0.500482351604549,3.16579181275076,94.240429979035,0.209576147052857,0.0108163767045642,0.00712153361616283,0.71367501888008,0.647306752688429
359_LMSim.mat,/home/danny/cisc1/projects/colour_arctic/hyperspectralOutputs,13-Jun-2025 21:27:38,11716342,0,739781.894189815,0.546838880490423,3.5224016873265,93.1755723135926,0.136242628461338,0.00464838707417066,0.00198959724651797,0.713986505505457,0.680553333597191
360_LMSim.mat,/home/danny/cisc1/projects/colour_arctic/hyperspectralOutputs,13-Jun-2025 21:26:54,11714945,0,739781.893680556,0.553010887781067,3.57281795109398,93.2158614664408,0.1361757946086,0.00462709418043158,0.00197951196019493,0.714409708479681,0.67232863799389
361_LMSim.mat,/home/danny/cisc1/projects/colour_arctic/hyperspectralOutputs,13-Jun-2025 21:32:46,11683376,0,739781.89775463,0.344261758652635,2.20933594623667,94.088449641813,0.188271557329576,0.0151445318700707,0.00895757475329965,0.723023617973605,0.606710940707136
362_LMSim.mat,/home/danny/cisc1/projects/colour_arctic/hyperspectralOutputs,13-Jun-2025 21:31:50,11672242,0,739781.897106481,0.263364909366275,1.83385464381961,91.5890597155165,0.151522702160373,0.00650725496372503,0.0030976004784872,0.699903499152466,0.79235242457367
363_LMSim.mat,/home/danny/cisc1/projects/colour_arctic/hyperspectralOutputs,13-Jun-2025 21:31:03,11720884,0,739781.8965625,0.603443128139158,4.01275946814187,94.9359104976179,0.174325952787875,0.00792481603116002,0.00434011372333854,0.714755531535183,0.571504336018173
364_LMSim.mat,/home/danny/cisc1/projects/colour_arctic/hyperspectralOutputs,13-Jun-2025 21:30:17,11719663,0,739781.896030093,0.60542063544366,4.03107274419736,94.9562737081702,0.174610624305422,0.00792924462598858,0.00434963039009996,0.714862902971015,0.569356885765536
365_LMSim.mat,/home/danny/cisc1/projects/colour_arctic/hyperspectralOutputs,13-Jun-2025 21:29:34,11724479,0,739781.895532407,0.609842961327104,4.07232997799805,94.8841342301719,0.175046254145966,0.00774565715026341,0.00425952296457946,0.713599310862391,0.579837362823485
366_LMSim.mat,/home/danny/cisc1/projects/colour_arctic/hyperspectralOutputs,13-Jun-2025 21:28:48,11752549,0,739781.895,0.218978303716604,1.65568724734363,92.1413864384284,0.171121762924037,0.0120902268310544,0.00649964396106426,0.712727900618252,0.724899083381903
367_LMSim.mat,/home/danny/cisc1/projects/colour_arctic/hyperspectralOutputs,13-Jun-2025 21:28:07,11707030,0,739781.894525463,-0.0557001859462321,0.879629557224581,89.5571381935246,0.177151627471071,0.0106084258666318,0.00590399478228876,0.702384073939709,0.792818004829259
368_LMSim.mat,/home/danny/cisc1/projects/colour_arctic/hyperspectralOutputs,13-Jun-2025 21:27:26,11745748,0,739781.894050926,0.00759344601689842,1.01763830521937,90.0631932256028,0.167510975405386,0.0105243764325809,0.00553846625026648,0.701520940547521,0.788244600335045
369_LMSim.mat,/home/danny/cisc1/projects/colour_arctic/hyperspectralOutputs,13-Jun-2025 21:31:01,11768258,0,739781.896539352,0.0213821266074066,1.05046630541652,90.177483813613,0.177155092587992,0.0110978099015154,0.00617647652794456,0.70141576688331,0.805855928791505
370_LMSim.mat,/home/danny/cisc1/projects/colour_arctic/hyperspectralOutputs,13-Jun-2025 21:30:21,11759677,0,739781.896076389,0.512819001069365,3.25700931820018,94.070755546305,0.152128816514493,0.00728643327938693,0.00348238153924293,0.703435607898126,0.721444909303269
371_LMSim.mat,/home/danny/cisc1/projects/colour_arctic/hyperspectralOutputs,13-Jun-2025 21:29:39,11764904,0,739781.895590278,0.559074624262026,3.62305247512963,94.2934009484405,0.150214239085274,0.00668759745609291,0.00315595715615184,0.703579140810894,0.7157765730859
372_LMSim.mat,/home/danny/cisc1/projects/colour_arctic/hyperspectralOutputs,13-Jun-2025 21:28:56,11795592,0,739781.895092593,0.531844982188105,3.40286705504794,93.8788388641021,0.157662224517274,0.0068323846271737,0.00338415175222002,0.704650383137174,0.739704368310147
373_LMSim.mat,/home/danny/cisc1/projects/colour_arctic/hyperspectralOutputs,13-Jun-2025 21:28:13,11658739,0,739781.894594907,0.174812928060084,1.49559129278119,91.1514077639478,0.210574447827342,0.0102074992705898,0.00675266027195078,0.705063599935633,0.640086056642526
374_LMSim.mat,/home/danny/cisc1/projects/colour_arctic/hyperspectralOutputs,13-Jun-2025 21:27:31,11637591,0,739781.894108796,0.292819863577633,1.96254608422509,91.2736556617212,0.200871063197621,0.00613848421783612,0.00387372150466795,0.697795806154719,0.723023799220197
375_LMSim.mat,/home/danny/cisc1/projects/colour_arctic/hyperspectralOutputs,13-Jun-2025 21:26:51,11510947,0,739781.893645833,-0.0714841192313539,0.848234399120876,89.6507672558567,0.233612858718482,0.00860012612821852,0.00631177395788641,0.701570002089016,0.745484035954749
376_LMSim.mat,/home/danny/cisc1/projects/colour_arctic/hyperspectralOutputs,13-Jun-2025 21:26:07,11637808,0,739781.893136574,0.281051761697319,1.91008089935338,91.2433475890613,0.198943728476418,0.00621921962399601,0.00388701323432057,0.697903315994169,0.720463140469937
377_LMSim.mat,/home/danny/cisc1/projects/colour_arctic/hyperspectralOutputs,13-Jun-2025 21:34:52,11625210,0,739781.899212963,0.0975365057281813,1.25180449222252,90.4270966014786,0.211593009033836,0.00695650944907402,0.0046242634319312,0.700049426319439,0.731152533399288
378_LMSim.mat,/home/danny/cisc1/projects/colour_arctic/hyperspectralOutputs,13-Jun-2025 21:33:47,11663115,0,739781.898460648,0.204308802388926,1.60069578884827,91.2643442368997,0.156260104111089,0.00704952185198027,0.00346064972009006,0.695118386626793,0.794366465742028
379_LMSim.mat,/home/danny/cisc1/projects/colour_arctic/hyperspectralOutputs,13-Jun-2025 21:32:55,11671115,0,739781.897858796,0.0764900628963642,1.19258697792915,90.5179028061582,0.16013825225182,0.00815465763815474,0.00410251983544126,0.696894506684137,0.769414680909934
380_LMSim.mat,/home/danny/cisc1/projects/colour_arctic/hyperspectralOutputs,13-Jun-2025 21:32:02,11697578,0,739781.89724537,0.149301312393546,1.41026689862477,91.0736297958618,0.146099803225341,0.00778475223177546,0.0035730928211376,0.696715372850934,0.781796540664119
381_LMSim.mat,/home/danny/cisc1/projects/colour_arctic/hyperspectralOutputs,13-Jun-2025 21:31:19,11636689,0,739781.896747685,0.395607223969782,2.48660741270708,91.8157728761603,0.184491125844749,0.00560094063729173,0.00324628259697507,0.695588090992653,0.778804736784029
382_LMSim.mat,/home/danny/cisc1/projects/colour_arctic/hyperspectralOutputs,13-Jun-2025 21:30:32,11632449,0,739781.896203704,0.342343089333483,2.19959685135686,91.4932903877244,0.115147809715818,0.00343507694659506,0.00124263054266979,0.692751159349661,0.864004035091088
383_LMSim.mat,/home/danny/cisc1/projects/colour_arctic/hyperspectralOutputs,13-Jun-2025 21:29:40,11604210,0,739781.895601852,0.413499275553438,2.59119009898723,91.6972942910364,0.0956981773060615,0.0025676754340853,0.000771957986921069,0.694525614052443,0.887135197259899
384_LMSim.mat,/home/danny/cisc1/projects/colour_arctic/hyperspectralOutputs,13-Jun-2025 21:28:59,11635820,0,739781.895127315,0.536749491413577,3.44151361028099,92.2662517840785,0.113447897375359,0.00284344838696395,0.00101342513945721,0.695679228343151,0.876753938865342
385_LMSim.mat,/home/danny/cisc1/projects/colour_arctic/hyperspectralOutputs,13-Jun-2025 21:33:57,11630133,0,739781.898576389,0.554215128506809,3.58273864719868,92.4782303330343,0.117632564533272,0.00307430984319459,0.00113612227179162,0.697004835272258,0.854871863721764
386_LMSim.mat,/home/danny/cisc1/projects/colour_arctic/hyperspectralOutputs,13-Jun-2025 21:33:02,11652078,0,739781.897939815,-0.0740479214634897,0.843241706602281,89.7340081060747,0.124138692289062,0.00336122390506208,0.00131085447916066,0.703926910919513,0.481860352947448
387_LMSim.mat,/home/danny/cisc1/projects/colour_arctic/hyperspectralOutputs,13-Jun-2025 21:32:18,11646953,0,739781.897430556,0.213155833097283,1.63363802304816,91.5580116824436,0.155689441632202,0.00826146469687845,0.00404078818016508,0.694567484660388,0.82552085129765
388_LMSim.mat,/home/danny/cisc1/projects/colour_arctic/hyperspectralOutputs,13-Jun-2025 21:31:32,11666338,0,739781.896898148,0.238303023172237,1.7310237366348,91.7866938392768,0.148884130179222,0.00802246074638626,0.00375237195565148,0.694489026793742,0.828998347271131
389_LMSim.mat,/home/danny/cisc1/projects/colour_arctic/hyperspectralOutputs,13-Jun-2025 21:30:49,11629258,0,739781.896400463,0.759499297832853,5.74776889545722,92.9618470777851,0.147349429551032,0.0027273770853278,0.00126253526873358,0.694090859759156,0.876205399153744
390_LMSim.mat,/home/danny/cisc1/projects/colour_arctic/hyperspectralOutputs,13-Jun-2025 21:30:05,11659162,0,739781.895891204,0.757794829170151,5.72525492707217,92.0651989278609,0.133019710885252,0.00172582498778814,0.000721211469949661,0.69084178271442,0.930926541783461
391_LMSim.mat,/home/danny/cisc1/projects/colour_arctic/hyperspectralOutputs,13-Jun-2025 21:29:20,11653867,0,739781.89537037,0.267635845039968,1.85197809266583,91.6292281979711,0.133773958883003,0.0057846240130854,0.00243106509872367,0.69252487101561,0.944876299287817
392_LMSim.mat,/home/danny/cisc1/projects/colour_arctic/hyperspectralOutputs,13-Jun-2025 21:28:36,11655535,0,739781.894861111,0.720555525693384,5.25479194714529,92.0679212219153,0.131587942342978,0.00187351215534316,0.000774501893207984,0.690921606334367,0.93295754242811
393_LMSim.mat,/home/danny/cisc1/projects/colour_arctic/hyperspectralOutputs,13-Jun-2025 21:32:03,11583368,0,739781.897256944,0.57800696669033,3.78448655513642,91.9279272052649,0.140418042469292,0.00268139721014932,0.00118286161905254,0.690836190599526,0.908657319012138
394_LMSim.mat,/home/danny/cisc1/projects/colour_arctic/hyperspectralOutputs,13-Jun-2025 21:31:20,11578546,0,739781.896759259,0.615328253392574,4.12409113070547,92.2158123653306,0.114564379712835,0.0022796730240141,0.000820487635729482,0.690335534693381,0.931603421827451
395_LMSim.mat,/home/danny/cisc1/projects/colour_arctic/hyperspectralOutputs,13-Jun-2025 21:30:42,11660829,0,739781.896319444,0.235535721288519,1.72002881003692,91.404440600021,0.168299686930423,0.00722986554707601,0.00382264001508071,0.692394098193996,0.900486839489149
396_LMSim.mat,/home/danny/cisc1/projects/colour_arctic/hyperspectralOutputs,13-Jun-2025 21:30:01,11691744,0,739781.895844907,0.544005756578525,3.49949805586452,98.0371202435168,0.173356305582813,0.0148264071578809,0.00807468219341686,0.714741386628046,0.800237849238166
397_LMSim.mat,/home/danny/cisc1/projects/colour_arctic/hyperspectralOutputs,13-Jun-2025 21:29:21,11647708,0,739781.895381944,0.523490912482617,3.33803520326999,91.1188639005731,0.197290308757847,0.00253486630251713,0.00157112479753365,0.695359001045043,0.73427001894734
398_LMSim.mat,/home/danny/cisc1/projects/colour_arctic/hyperspectralOutputs,13-Jun-2025 21:28:43,11698128,0,739781.89494213,0.25019301827663,1.7790699259855,90.6126292429137,0.210463532355687,0.00369685082740045,0.0024443233386647,0.694938560995365,0.571058410940183
399_LMSim.mat,/home/danny/cisc1/projects/colour_arctic/hyperspectralOutputs,13-Jun-2025 21:28:03,11642173,0,739781.894479167,0.624641286761029,4.21348339519507,92.2215008219505,0.111902400085988,0.0021793670315335,0.000766160311326493,0.688554180601616,0.949005052218875
400_LMSim.mat,/home/danny/cisc1/projects/colour_arctic/hyperspectralOutputs,13-Jun-2025 21:27:22,11639395,0,739781.89400463,0.251643475307099,1.7850215982018,92.8654654139326,0.0949619929704732,0.00769135535028156,0.00229457665127349,0.695261426358043,0.891386578478024
401_LMSim.mat,/home/danny/cisc1/projects/colour_arctic/hyperspectralOutputs,13-Jun-2025 21:31:41,11647121,0,739781.897002315,0.244803672011581,1.75712910326818,92.5706401633878,0.0979955127297095,0.00735018630018176,0.00226284292888506,0.69533187098239,0.881604389302412
402_LMSim.mat,/home/danny/cisc1/projects/colour_arctic/hyperspectralOutputs,13-Jun-2025 21:31:00,11700639,0,739781.896527778,0.21636280851145,1.6457460011466,90.8025269290099,0.222893851929423,0.00600959741972526,0.00420817063989731,0.697474609829005,0.644412058876415
403_LMSim.mat,/home/danny/cisc1/projects/colour_arctic/hyperspectralOutputs,13-Jun-2025 21:30:19,11715141,0,739781.896053241,0.283123865765175,1.91921604503659,91.0051730807859,0.212371534995791,0.00532503300869977,0.00355278137138304,0.697803387580787,0.650706311767265
404_LMSim.mat,/home/danny/cisc1/projects/colour_arctic/hyperspectralOutputs,13-Jun-2025 21:29:38,11674567,0,739781.895578704,0.0781800026362419,1.19723664882118,90.3184866304904,0.2319701554268,0.00711751245572647,0.0051869280291651,0.699326889920111,0.663607019176606
405_LMSim.mat,/home/danny/cisc1/projects/colour_arctic/hyperspectralOutputs,13-Jun-2025 21:28:57,11728778,0,739781.895104167,0.0740061767816192,1.18578561296052,90.7225767447477,0.167127671662563,0.0122417586812989,0.00642749947225681,0.700439868230445,0.556288495670708
406_LMSim.mat,/home/danny/cisc1/projects/colour_arctic/hyperspectralOutputs,13-Jun-2025 21:28:17,11613453,0,739781.894641204,0.502237721829836,3.17861348728641,93.3323677621122,0.148867354810997,0.00602273617725779,0.00281671679815555,0.703295375695242,0.689838744497392
407_LMSim.mat,/home/danny/cisc1/projects/colour_arctic/hyperspectralOutputs,13-Jun-2025 21:27:34,11629145,0,739781.894143519,0.352161560505471,2.2498914251102,91.4509845387642,0.170580076977174,0.00477960574076902,0.00256135781692362,0.693840538478292,0.824141029819436
408_LMSim.mat,/home/danny/cisc1/projects/colour_arctic/hyperspectralOutputs,13-Jun-2025 21:26:53,11632761,0,739781.893668982,0.35227339653021,2.25047087367284,91.5404446090314,0.157547517111054,0.00468408945375962,0.00231839064822449,0.693571220512178,0.831272844231654
409_LMSim.mat,/home/danny/cisc1/projects/colour_arctic/hyperspectralOutputs,13-Jun-2025 21:34:39,11646618,0,739781.8990625,0.351286042642941,2.24536031542944,91.7750163886515,0.185032303050247,0.00635761831331166,0.00369565888301457,0.695477598559383,0.786191020898855
410_LMSim.mat,/home/danny/cisc1/projects/colour_arctic/hyperspectralOutputs,13-Jun-2025 21:33:30,11617653,0,739781.898263889,0.392687942492371,2.46994875282727,91.8354215090015,0.0950535728181961,0.00294415258545887,0.000879181685259408,0.694066911126041,0.819655879788384
411_LMSim.mat,/home/danny/cisc1/projects/colour_arctic/hyperspectralOutputs,13-Jun-2025 21:32:28,11629571,0,739781.897546296,0.419153598648425,2.62514682528867,91.8536329639213,0.108609352829754,0.00312658752832548,0.00106681150274089,0.693581542173817,0.838010596814761
412_LMSim.mat,/home/danny/cisc1/projects/colour_arctic/hyperspectralOutputs,13-Jun-2025 21:31:45,11686005,0,739781.897048611,0.398076034750084,2.50078315168862,91.097545926597,0.216800715403204,0.00395123746134965,0.00269118599682427,0.692529410502934,0.792139368289374
413_LMSim.mat,/home/danny/cisc1/projects/colour_arctic/hyperspectralOutputs,13-Jun-2025 21:34:17,11686439,0,739781.89880787,0.409926392840621,2.56996017166296,91.0644261080063,0.215031345110787,0.00366161907477492,0.00247357342359623,0.692524777387948,0.794408500649336
414_LMSim.mat,/home/danny/cisc1/projects/colour_arctic/hyperspectralOutputs,13-Jun-2025 21:33:28,11713565,0,739781.898240741,0.24445837293853,1.75573259942534,91.5550299918827,0.1924629741071,0.00878471045841863,0.0053115896642958,0.696853427211444,0.751405383911662
415_LMSim.mat,/home/danny/cisc1/projects/colour_arctic/hyperspectralOutputs,13-Jun-2025 21:32:32,11720222,0,739781.897592593,0.269181627763123,1.85858157626185,91.7240316779924,0.194914780076127,0.00885903853531323,0.00542476882668827,0.696176352560093,0.773628984540653
416_LMSim.mat,/home/danny/cisc1/projects/colour_arctic/hyperspectralOutputs,13-Jun-2025 21:31:48,11604238,0,739781.897083333,0.215358364176074,1.64194408752392,91.7605148605903,0.128170338633895,0.00759401534352569,0.00305779858062181,0.696266629416183,0.904277846999288
417_LMSim.mat,/home/danny/cisc1/projects/colour_arctic/hyperspectralOutputs,13-Jun-2025 21:34:40,11620964,0,739781.899074074,0.23848749570868,1.73175916888498,91.9767883208521,0.128789084258331,0.00766544826190385,0.00310146214406357,0.696172036954527,0.919417813201957
418_LMSim.mat,/home/danny/cisc1/projects/colour_arctic/hyperspectralOutputs,13-Jun-2025 21:33:35,11716948,0,739781.898321759,0.239464639663144,1.73565993936569,92.3412081668344,0.134487745232247,0.00942182924559548,0.00398077667770503,0.701133528480177,0.858790619650909
419_LMSim.mat,/home/danny/cisc1/projects/colour_arctic/hyperspectralOutputs,13-Jun-2025 21:32:46,11717575,0,739781.89775463,0.242180992769532,1.74654987812002,92.3983630683471,0.132754429466375,0.00940831357051483,0.00392383445977321,0.701001297147192,0.860697681951792
420_LMSim.mat,/home/danny/cisc1/projects/colour_arctic/hyperspectralOutputs,13-Jun-2025 21:31:55,11733009,0,739781.897164352,0.213738346104568,1.63583066863042,92.1404160206595,0.134002905140747,0.0097119793262467,0.00408857374801261,0.701164855934519,0.864321786531898
421_LMSim.mat,/home/danny/cisc1/projects/colour_arctic/hyperspectralOutputs,13-Jun-2025 21:34:52,11506982,0,739781.899212963,0.308761993406617,2.03592602249593,91.9147864259238,0.122718367763918,0.00529598009937338,0.00204176515312515,0.697764072035366,0.804474567278617
422_LMSim.mat,/home/danny/cisc1/projects/colour_arctic/hyperspectralOutputs,13-Jun-2025 21:33:57,11687438,0,739781.898576389,0.376180463926743,2.37782814873183,92.7456465379801,0.160475141587623,0.00782723029604385,0.00394607878836447,0.700000907956439,0.80180891139798
423_LMSim.mat,/home/danny/cisc1/projects/colour_arctic/hyperspectralOutputs,13-Jun-2025 21:33:01,11685296,0,739781.897928241,0.283213915205182,1.91961402902167,92.9116469515751,0.137892409475489,0.00995070573014592,0.00431066344046605,0.715838148654112,0.654496882308577
424_LMSim.mat,/home/danny/cisc1/projects/colour_arctic/hyperspectralOutputs,13-Jun-2025 21:32:14,11710006,0,739781.897384259,0.397682888345582,2.49852033447786,94.378388879169,0.121994205557496,0.00880514121460672,0.00337462408150682,0.715069870891295,0.646568816615948
425_LMSim.mat,/home/danny/cisc1/projects/colour_arctic/hyperspectralOutputs,13-Jun-2025 21:35:27,11721594,0,739781.899618056,0.434304774162717,2.71834624924853,94.9159954215178,0.116284816948845,0.00840385156564947,0.00307009107600434,0.714527237105997,0.64962812132748
426_LMSim.mat,/home/danny/cisc1/projects/colour_arctic/hyperspectralOutputs,13-Jun-2025 21:34:28,11747297,0,739781.898935185,0.351921287561111,2.24864701941907,94.324827439662,0.113782534061817,0.009420900674659,0.00336757982844571,0.714227010664446,0.66728584254357
427_LMSim.mat,/home/danny/cisc1/projects/colour_arctic/hyperspectralOutputs,13-Jun-2025 21:33:35,11707647,0,739781.898321759,-0.0123229291857311,0.972024185096146,89.9233122516738,0.226329650651368,0.0106510763402336,0.00757329411300223,0.704107776560554,0.93943356114609
428_LMSim.mat,/home/danny/cisc1/projects/colour_arctic/hyperspectralOutputs,13-Jun-2025 21:32:39,11744912,0,739781.897673611,-0.0158428201565375,0.964177915721661,89.8979812934998,0.228661373877666,0.0111320215500361,0.00799680893416333,0.703728289601395,0.94844093024699
429_LMSim.mat,/home/danny/cisc1/projects/colour_arctic/hyperspectralOutputs,13-Jun-2025 21:34:52,11727432,0,739781.899212963,0.294333156855347,1.96939647776559,93.7507309418069,0.165384064709272,0.0146559841871128,0.00761480036400754,0.705494413044765,0.763750685067674
430_LMSim.mat,/home/danny/cisc1/projects/colour_arctic/hyperspectralOutputs,13-Jun-2025 21:34:04,11765681,0,739781.898657407,0.276341573446776,1.88947684202492,93.4818519873038,0.168407065230723,0.0148931324456049,0.00787945595195435,0.705551610873917,0.77998571895575
431_LMSim.mat,/home/danny/cisc1/projects/colour_arctic/hyperspectralOutputs,13-Jun-2025 21:33:16,11789167,0,739781.898101852,0.559527929464812,3.6268360966673,93.3407112685725,0.210770944006251,0.00730904391727515,0.00483973056789613,0.708669219149896,0.748996246927787
432_LMSim.mat,/home/danny/cisc1/projects/colour_arctic/hyperspectralOutputs,13-Jun-2025 21:32:24,11794487,0,739781.8975,0.552373694758753,3.56757978783241,93.3180226934824,0.21109769958629,0.00741185122156662,0.00491541359681534,0.708712474143298,0.750063959555228
433_LMSim.mat,/home/danny/cisc1/projects/colour_arctic/hyperspectralOutputs,13-Jun-2025 21:35:32,11794410,0,739781.899675926,0.342705105737122,2.20143114156828,92.8561847062008,0.231216929441658,0.0131296442058042,0.00953723446771819,0.705717299823705,0.75265469815559
434_LMSim.mat,/home/danny/cisc1/projects/colour_arctic/hyperspectralOutputs,13-Jun-2025 21:34:38,11802925,0,739781.899050926,0.342081731020479,2.19827353273597,92.856763271656,0.23083676033522,0.0131391539604037,0.00952844968193672,0.706005181095776,0.751462171743183
435_LMSim.mat,/home/danny/cisc1/projects/colour_arctic/hyperspectralOutputs,13-Jun-2025 21:33:36,11794358,0,739781.898333333,0.341983019310059,2.19777393927892,92.8853732148353,0.228714339882152,0.0131519511141405,0.00945003579152472,0.706266634605352,0.741692570809384
436_LMSim.mat,/home/danny/cisc1/projects/colour_arctic/hyperspectralOutputs,13-Jun-2025 21:32:46,11819226,0,739781.89775463,0.651620827916295,4.48353772089571,93.3112858251014,0.229041274508782,0.00619543662735485,0.00445795359446805,0.711270630611455,0.668795957478822
437_LMSim.mat,/home/danny/cisc1/projects/colour_arctic/hyperspectralOutputs,13-Jun-2025 21:35:11,11821793,0,739781.89943287,0.630290734397561,4.26865184096251,93.3214471204119,0.224794542048741,0.00644040228015537,0.00454829505465394,0.712278671105993,0.655571353283962
438_LMSim.mat,/home/danny/cisc1/projects/colour_arctic/hyperspectralOutputs,13-Jun-2025 21:34:20,11712141,0,739781.898842593,0.329797802624547,2.13696693592604,92.2194359357044,0.16090665557461,0.00744558095593007,0.00376376475387562,0.707627842018286,0.744812754870275
439_LMSim.mat,/home/danny/cisc1/projects/colour_arctic/hyperspectralOutputs,13-Jun-2025 21:33:27,11739464,0,739781.898229167,0.41365765007351,2.59213520269237,92.8614338090855,0.150201319487807,0.00677459104111282,0.00319673550063064,0.706832845765946,0.735910047771404
440_LMSim.mat,/home/danny/cisc1/projects/colour_arctic/hyperspectralOutputs,13-Jun-2025 21:32:32,11744571,0,739781.897592593,0.249767028494648,1.77732573149025,92.1118819634858,0.18557265389866,0.0112110617926705,0.00653597824067103,0.695979259993659,0.818415526854426
441_LMSim.mat,/home/danny/cisc1/projects/colour_arctic/hyperspectralOutputs,13-Jun-2025 21:35:32,11749544,0,739781.899675926,0.257042489268572,1.8073509398234,92.2102954312067,0.181029394366596,0.0110848002111357,0.00630415439795031,0.695792623773902,0.819805823890412
442_LMSim.mat,/home/danny/cisc1/projects/colour_arctic/hyperspectralOutputs,13-Jun-2025 21:34:40,11686700,0,739781.899074074,0.354785054563716,2.26352374415265,94.3069759760949,0.143113084710121,0.011687737959478,0.0052548422316317,0.711478735931355,0.627271385450517
443_LMSim.mat,/home/danny/cisc1/projects/colour_arctic/hyperspectralOutputs,13-Jun-2025 21:33:47,11696140,0,739781.898460648,0.352295168287796,2.25058369558634,94.32158017297,0.141788438979978,0.0117162296252099,0.00521889511257687,0.711765100093878,0.624292450830539
444_LMSim.mat,/home/danny/cisc1/projects/colour_arctic/hyperspectralOutputs,13-Jun-2025 21:32:54,11702019,0,739781.897847222,0.339046279729248,2.18296252251625,94.180434372724,0.142239274901007,0.0119068178025772,0.00532065513554014,0.711769874182128,0.625193211508127
445_LMSim.mat,/home/danny/cisc1/projects/colour_arctic/hyperspectralOutputs,13-Jun-2025 21:36:28,11687810,0,739781.900324074,0.437859209415701,2.7406855461516,92.1196538407858,0.18650322575989,0.00579735866917847,0.00339677194966088,0.705855900653612,0.745413895392354
446_LMSim.mat,/home/danny/cisc1/projects/colour_arctic/hyperspectralOutputs,13-Jun-2025 21:35:27,11462100,0,739781.899618056,0.173344549066276,1.49054313643317,92.0075793526905,0.107115817675726,0.00908481670952955,0.00305717042578276,0.713485314288402,0.614898018379742
447_LMSim.mat,/home/danny/cisc1/projects/colour_arctic/hyperspectralOutputs,13-Jun-2025 21:34:29,11716608,0,739781.898946759,0.437318684171143,2.73727659604085,93.1772102494939,0.290593918686948,0.0135301039796598,0.0123520069792021,0.711766377328767,0.710843502104312
448_LMSim.mat,/home/danny/cisc1/projects/colour_arctic/hyperspectralOutputs,13-Jun-2025 21:33:35,11714976,0,739781.898321759,0.440150372137983,2.75518250538808,93.2159925910606,0.288360472743072,0.0134739018559496,0.0122061578276962,0.711586815493709,0.708989102997444
449_LMSim.mat,/home/danny/cisc1/projects/colour_arctic/hyperspectralOutputs,13-Jun-2025 21:37:30,11580702,0,739781.901041667,0.642571793951491,4.39108449397865,95.7973276999038,0.128132084436535,0.00617125253427158,0.00248416868316776,0.731701415419543,0.420544003948422
450_LMSim.mat,/home/danny/cisc1/projects/colour_arctic/hyperspectralOutputs,13-Jun-2025 21:36:39,11654796,0,739781.900451389,0.414660829966891,2.5981297148361,93.0908211791901,0.0990542512225304,0.00480794040201807,0.00149617387682854,0.697366622678611,0.76770964843812
451_LMSim.mat,/home/danny/cisc1/projects/colour_arctic/hyperspectralOutputs,13-Jun-2025 21:35:43,11488826,0,739781.899803241,0.306745147671148,2.02649318547887,93.2736427579079,0.0734472593857664,0.00543294363760681,0.00125360486085926,0.697905988074574,0.737547930435464
452_LMSim.mat,/home/danny/cisc1/projects/colour_arctic/hyperspectralOutputs,13-Jun-2025 21:34:52,11707432,0,739781.899212963,0.493734754558285,3.11698530323558,94.1220682517044,0.125052604528335,0.00639610588035534,0.00251280193891183,0.698854129295365,0.769017903601447
453_LMSim.mat,/home/danny/cisc1/projects/colour_arctic/hyperspectralOutputs,13-Jun-2025 21:38:18,11710485,0,739781.901597222,0.501737062748214,3.17495126076495,94.1777814436965,0.126556664290345,0.00641382186920241,0.00255006814538597,0.699193093928659,0.766511949481105
454_LMSim.mat,/home/danny/cisc1/projects/colour_arctic/hyperspectralOutputs,13-Jun-2025 21:37:30,11630093,0,739781.901041667,0.448957551842825,2.81162600725377,94.5668654540171,0.11188547012514,0.00720168227561489,0.00253138102859243,0.699330614605008,0.873048679287923
455_LMSim.mat,/home/danny/cisc1/projects/colour_arctic/hyperspectralOutputs,13-Jun-2025 21:36:39,11652199,0,739781.900451389,0.29847723982131,1.98827860745588,92.8043034332827,0.15010400292313,0.00983420922906058,0.00463747509875724,0.7008407557318,0.849169508615111
456_LMSim.mat,/home/danny/cisc1/projects/colour_arctic/hyperspectralOutputs,13-Jun-2025 21:35:42,11748551,0,739781.899791667,0.541026666902302,3.47557501795864,94.0618330646431,0.173410830731853,0.00767185619745872,0.00417952132246522,0.707820227468519,0.637654085202584
457_LMSim.mat,/home/danny/cisc1/projects/colour_arctic/hyperspectralOutputs,13-Jun-2025 21:38:15,11755219,0,739781.9015625,0.539448365389634,3.46296709876778,94.0636049016715,0.173016147816458,0.00769051255538037,0.00418014932875111,0.707855416185965,0.639896814672066
458_LMSim.mat,/home/danny/cisc1/projects/colour_arctic/hyperspectralOutputs,13-Jun-2025 21:37:31,11707088,0,739781.901053241,0.47585750914755,2.99128304365972,94.2635108232335,0.113828174426956,0.0063326554951842,0.00226456872871187,0.706737829684174,0.674920706441796
459_LMSim.mat,/home/danny/cisc1/projects/colour_arctic/hyperspectralOutputs,13-Jun-2025 21:36:39,11726754,0,739781.900451389,0.481917121049963,3.03331226427829,93.6963028953764,0.188153941878213,0.00893415500094142,0.00528100619472271,0.709867829469046,0.639571631058505
460_LMSim.mat,/home/danny/cisc1/projects/colour_arctic/hyperspectralOutputs,13-Jun-2025 21:35:44,11739650,0,739781.899814815,0.610015747470805,4.07395049636607,94.3630710232822,0.179953424733831,0.0071198658560507,0.00402514750579254,0.709227617073454,0.639328986825716
461_LMSim.mat,/home/danny/cisc1/projects/colour_arctic/hyperspectralOutputs,13-Jun-2025 21:36:49,11870450,0,739781.90056713,0.37814091405039,2.38858617360833,93.9081874712473,0.224277259725796,0.0154104148049087,0.0108579901338257,0.73792048838632,0.442275302145795
462_LMSim.mat,/home/danny/cisc1/projects/colour_arctic/hyperspectralOutputs,13-Jun-2025 21:36:00,11876889,0,739781.9,0.377134999066822,2.38306012094346,93.8779362126106,0.225200149184403,0.0154062334385838,0.010899711945282,0.737722455590141,0.446054016566836
463_LMSim.mat,/home/danny/cisc1/projects/colour_arctic/hyperspectralOutputs,13-Jun-2025 21:35:08,11885549,0,739781.899398148,0.369159878026844,2.33969839977136,93.6078816156869,0.237434498681266,0.015528830175807,0.0115833034660141,0.736820334340508,0.471737838196621
464_LMSim.mat,/home/danny/cisc1/projects/colour_arctic/hyperspectralOutputs,13-Jun-2025 21:38:06,11875878,0,739781.901458333,0.298851221591024,1.98999150097123,95.2551827215563,0.206554698615925,0.0249604814475279,0.0161971240809204,0.760231992646627,0.294199532243246
465_LMSim.mat,/home/danny/cisc1/projects/colour_arctic/hyperspectralOutputs,13-Jun-2025 21:37:18,11875374,0,739781.900902778,0.297716897324583,1.98480066752124,95.2066045734348,0.207297707991436,0.0249337294932422,0.0162379655800046,0.760429259314293,0.294876834722105
466_LMSim.mat,/home/danny/cisc1/projects/colour_arctic/hyperspectralOutputs,13-Jun-2025 21:36:23,11797503,0,739781.900266204,0.367851620968343,2.33266096003329,93.1737221712144,0.485524220086843,0.0280984444184476,0.0428591002167088,0.705052199443693,0.997424655681073
467_LMSim.mat,/home/danny/cisc1/projects/colour_arctic/hyperspectralOutputs,13-Jun-2025 21:35:32,11791617,0,739781.899675926,0.480109085377457,3.02071036220771,93.3833401500022,0.425486018878499,0.0186037052351303,0.0248676425724153,0.706312397070264,1.01301269327225
468_LMSim.mat,/home/danny/cisc1/projects/colour_arctic/hyperspectralOutputs,13-Jun-2025 21:37:30,11625447,0,739781.901041667,0.63091747064856,4.27481643730566,95.0292523296657,0.198732155413169,0.00857353608585257,0.00535276276298336,0.72082074723096,0.57251853423784
469_LMSim.mat,/home/danny/cisc1/projects/colour_arctic/hyperspectralOutputs,13-Jun-2025 21:36:39,11658055,0,739781.900451389,0.699310625679932,5.00392308640036,95.4771525436853,0.189731427798741,0.00749314795895707,0.00446635722818636,0.721210946308162,0.563500756462125
470_LMSim.mat,/home/danny/cisc1/projects/colour_arctic/hyperspectralOutputs,13-Jun-2025 21:35:49,11680830,0,739781.899872685,0.637939140244653,4.34449338449435,95.3981154690213,0.181547454060765,0.00824843372360647,0.00470447889779042,0.720638237803521,0.578318538888453
471_LMSim.mat,/home/danny/cisc1/projects/colour_arctic/hyperspectralOutputs,13-Jun-2025 21:38:08,11556689,0,739781.901481482,0.784055371810593,6.0821254240406,97.2959757673533,0.134199997433382,0.00570295133154938,0.00240437412495171,0.748838070565826,0.324143876861053
472_LMSim.mat,/home/danny/cisc1/projects/colour_arctic/hyperspectralOutputs,13-Jun-2025 21:37:22,11823287,0,739781.900949074,0.555971401065576,3.59725645909559,93.1544391860193,0.186159709773272,0.00615630161484633,0.00360043897987759,0.727465147881169,0.543785184784176
473_LMSim.mat,/home/danny/cisc1/projects/colour_arctic/hyperspectralOutputs,13-Jun-2025 21:36:29,11563816,0,739781.900335648,0.610569178929134,4.0791453345381,93.3879511103247,0.146162264073198,0.00449370547879195,0.00206342999500532,0.722197077660963,0.593349176505487
474_LMSim.mat,/home/danny/cisc1/projects/colour_arctic/hyperspectralOutputs,13-Jun-2025 21:35:43,11552110,0,739781.899803241,0.656044221017722,4.52943697486063,97.9815743181452,0.0816538782473147,0.00519085346914102,0.00133157446741746,0.758660219081874,0.229509679256627
475_LMSim.mat,/home/danny/cisc1/projects/colour_arctic/hyperspectralOutputs,13-Jun-2025 21:38:15,11618582,0,739781.9015625,0.694261016227236,4.94607862972187,98.9460210240849,0.0723051261774759,0.00466314974187708,0.00105924963410092,0.758294772955996,0.238023231993495
476_LMSim.mat,/home/danny/cisc1/projects/colour_arctic/hyperspectralOutputs,13-Jun-2025 21:37:25,11746013,0,739781.900983796,0.124964881948411,1.33341360491008,90.8655370746119,0.214291286791969,0.0110652643920499,0.00744931228399429,0.7400382200408,0.677046079298843
477_LMSim.mat,/home/danny/cisc1/projects/colour_arctic/hyperspectralOutputs,13-Jun-2025 21:36:29,11503655,0,739781.900335648,0.922606412166384,8.36770598738894,99.7824626282555,0.069001040432803,0.00279682239971397,0.000606276034337824,0.755827071893737,0.242817767718153
478_LMSim.mat,/home/danny/cisc1/projects/colour_arctic/hyperspectralOutputs,13-Jun-2025 21:38:24,11725772,0,739781.901666667,0.803862441933276,6.36593854772908,101.608946388751,0.157899752275653,0.0099856926789813,0.00495346977505295,0.782680226716899,0.187450807113284
479_LMSim.mat,/home/danny/cisc1/projects/colour_arctic/hyperspectralOutputs,13-Jun-2025 21:37:40,11505807,0,739781.901157407,0.715420536879536,5.19302647698531,98.4961399585684,0.109055175145987,0.00635190993498418,0.00217620840739853,0.736010242719569,0.417030156662668
480_LMSim.mat,/home/danny/cisc1/projects/colour_arctic/hyperspectralOutputs,13-Jun-2025 21:36:49,11642564,0,739781.90056713,0.322491475194714,2.1013165217117,94.1722670053479,0.158175280814392,0.0140117867030128,0.0069627692781767,0.726662352727793,0.460785345609727
481_LMSim.mat,/home/danny/cisc1/projects/colour_arctic/hyperspectralOutputs,13-Jun-2025 21:36:00,11656033,0,739781.9,0.321088122587311,2.09453741481083,94.1124217785211,0.159373799885207,0.0139904435845886,0.0070048410462127,0.725803903160449,0.467249231979833
482_LMSim.mat,/home/danny/cisc1/projects/colour_arctic/hyperspectralOutputs,13-Jun-2025 21:38:09,11818555,0,739781.901493056,0.55838529209256,3.61730636111663,93.8499245183827,0.188854117840834,0.0075617659236562,0.00448641620890912,0.72197929867529,0.535731241160069
483_LMSim.mat,/home/danny/cisc1/projects/colour_arctic/hyperspectralOutputs,13-Jun-2025 21:37:22,11698083,0,739781.900949074,-0.217252288994182,0.60638396857082,88.6418205184777,0.0916667719400848,0.0041576220349115,0.00119731056881862,0.694814553276421,0.366771456220195
484_LMSim.mat,/home/danny/cisc1/projects/colour_arctic/hyperspectralOutputs,13-Jun-2025 21:36:24,11659407,0,739781.900277778,-0.260786204603763,0.548546938298396,89.3428426821487,0.157692517191897,0.00283717367489512,0.00140555187860697,0.692553207821388,0.51312700216261
485_LMSim.mat,/home/danny/cisc1/projects/colour_arctic/hyperspectralOutputs,13-Jun-2025 21:39:08,11673229,0,739781.902175926,-0.320997214260137,0.477532336732759,88.7781496738586,0.126156979194606,0.0033251369967621,0.0013178643112502,0.692900751815531,0.480816929350164
486_LMSim.mat,/home/danny/cisc1/projects/colour_arctic/hyperspectralOutputs,13-Jun-2025 21:38:16,11645084,0,739781.901574074,0.238465174828026,1.73167016615061,91.2905638267465,0.160298517181905,0.00624498447805447,0.00314492824479268,0.691894626676598,0.875378624628813
487_LMSim.mat,/home/danny/cisc1/projects/colour_arctic/hyperspectralOutputs,13-Jun-2025 21:37:22,11640476,0,739781.900949074,0.241508994081541,1.74384947158331,91.3300122172874,0.148674824763968,0.00588608884250292,0.00274924928564419,0.692013391010089,0.878271600817517
488_LMSim.mat,/home/danny/cisc1/projects/colour_arctic/hyperspectralOutputs,13-Jun-2025 21:36:29,11589353,0,739781.900335648,0.375159308361346,2.37224373503613,90.7145179502387,0.176767282686113,0.00225951638234916,0.00125477903272536,0.68948450347604,0.871328235581044
489_LMSim.mat,/home/danny/cisc1/projects/colour_arctic/hyperspectralOutputs,13-Jun-2025 21:38:51,11580113,0,739781.901979167,0.379470037243685,2.39590744608549,90.7254074060309,0.170329221022043,0.00217930775512435,0.00116615854049628,0.689410528804774,0.874975525108103
490_LMSim.mat,/home/danny/cisc1/projects/colour_arctic/hyperspectralOutputs,13-Jun-2025 21:38:09,11561339,0,739781.901493056,0.426646874542229,2.67083386673822,91.2200520040242,0.15263825055622,0.00282889919257298,0.00135653412757945,0.690121509187023,0.897990165153606
491_LMSim.mat,/home/danny/cisc1/projects/colour_arctic/hyperspectralOutputs,13-Jun-2025 21:37:21,11626654,0,739781.9009375,0.207834201391013,1.61374236820466,90.4458099154147,0.207844302911048,0.00325279443443837,0.0021239515990038,0.691400844647937,0.729659629534961
492_LMSim.mat,/home/danny/cisc1/projects/colour_arctic/hyperspectralOutputs,13-Jun-2025 21:40:24,11620208,0,739781.903055556,0.121914981933452,1.32408230570521,90.2163124073223,0.186608836471321,0.00247655815632057,0.00145187961814575,0.691067225624362,0.679725725481651
493_LMSim.mat,/home/danny/cisc1/projects/colour_arctic/hyperspectralOutputs,13-Jun-2025 21:39:43,11552466,0,739781.902581019,0.315312994865511,2.06686920624894,92.4333219450737,0.0583154391001096,0.00311625336194253,0.000570908071149082,0.747138442006699,0.263986273357076
494_LMSim.mat,/home/danny/cisc1/projects/colour_arctic/hyperspectralOutputs,13-Jun-2025 21:39:03,11549832,0,739781.902118055,0.0614267928384007,1.15193186723572,92.0148731962924,0.0199395688583823,0.00466657593280444,0.000292323663774921,0.733420337419695,0.168053583082878
495_LMSim.mat,/home/danny/cisc1/projects/colour_arctic/hyperspectralOutputs,13-Jun-2025 21:38:22,11585189,0,739781.901643518,0.0569743859120374,1.14018253918866,91.6290512538336,0.0226719183976834,0.0046876128288475,0.000333879593906803,0.733085655533247,0.171914573770157
496_LMSim.mat,/home/danny/cisc1/projects/colour_arctic/hyperspectralOutputs,13-Jun-2025 21:39:05,11603513,0,739781.902141204,0.455326814368526,2.85316451720826,95.6796957637981,0.0615872419318394,0.00481730733376657,0.000932062386693832,0.749077964311229,0.257363572111472
497_LMSim.mat,/home/danny/cisc1/projects/colour_arctic/hyperspectralOutputs,13-Jun-2025 21:38:26,11615607,0,739781.901689815,0.437945703480312,2.74123143528879,95.3846197548952,0.0636389617795245,0.00497324142141867,0.000994288693111059,0.749138982989888,0.25882482713242
498_LMSim.mat,/home/danny/cisc1/projects/colour_arctic/hyperspectralOutputs,13-Jun-2025 21:37:40,11659649,0,739781.901157407,0.363678831469752,2.31035560900936,93.6644185167755,0.0858650311282834,0.00580721341578689,0.00156651295595392,0.748322125437288,0.279630325009864
499_LMSim.mat,/home/danny/cisc1/projects/colour_arctic/hyperspectralOutputs,13-Jun-2025 21:38:56,11642061,0,739781.902037037,0.374498039994415,2.36863444192414,95.0896560920449,0.0426909438491479,0.00384471699885099,0.00051564404574931,0.743686905542696,0.315784647756192
500_LMSim.mat,/home/danny/cisc1/projects/colour_arctic/hyperspectralOutputs,13-Jun-2025 21:39:02,11728633,0,739781.902106481,0.374763474491794,2.37008255947887,94.6756865641111,0.122393158436603,0.0101383216046066,0.00389828043769078,0.739025174168805,0.393673360010061
501_LMSim.mat,/home/danny/cisc1/projects/colour_arctic/hyperspectralOutputs,13-Jun-2025 21:38:16,11668870,0,739781.901574074,0.222141507502176,1.66779054533362,92.1163169184419,0.172040635780252,0.0118308212572976,0.0063943411727174,0.710330207224675,0.80380559561317
502_LMSim.mat,/home/danny/cisc1/projects/colour_arctic/hyperspectralOutputs,13-Jun-2025 21:38:56,11722922,0,739781.902037037,0.35258848318746,2.25210421387199,93.7091319382292,0.150644684178204,0.0107029913850503,0.0050653430098994,0.707906865988283,0.801150986777307
503_LMSim.mat,/home/danny/cisc1/projects/colour_arctic/hyperspectralOutputs,13-Jun-2025 21:38:49,11699663,0,739781.901956019,0.476567074917917,2.9961743029511,94.8677472528079,0.115269471016197,0.0072918987418236,0.00264061327390994,0.724737971270649,0.517588842331776
504_LMSim.mat,/home/danny/cisc1/projects/colour_arctic/hyperspectralOutputs,13-Jun-2025 21:39:46,11665057,0,739781.902615741,0.338487406936012,2.18015517917865,93.4373541517013,0.0808319974571024,0.00559355230917052,0.00142043343815585,0.730120031726185,0.461564949918012
505_LMSim.mat,/home/danny/cisc1/projects/colour_arctic/hyperspectralOutputs,13-Jun-2025 21:38:58,11676417,0,739781.902060185,0.32750937610533,2.12573623783733,93.2732095467515,0.0829542218806908,0.00568655314118126,0.00148196336804166,0.730189359225165,0.46351915729365
506_LMSim.mat,/home/danny/cisc1/projects/colour_arctic/hyperspectralOutputs,13-Jun-2025 21:38:47,11686525,0,739781.90193287,0.434989407769136,2.72263490352906,92.8616923592208,0.0935796681004599,0.00395510988476912,0.00116275958235189,0.728867246251052,0.48682007278205
507_LMSim.mat,/home/danny/cisc1/projects/colour_arctic/hyperspectralOutputs,13-Jun-2025 21:38:50,11707009,0,739781.901967593,0.413852130142938,2.59329623868511,92.6703358668914,0.0950084667310097,0.00399851881278154,0.00119346950279176,0.730371875976114,0.477404798314512
508_LMSim.mat,/home/danny/cisc1/projects/colour_arctic/hyperspectralOutputs,13-Jun-2025 21:39:28,11544118,0,739781.902407407,0.592820409604212,3.91579916646821,90.9950645113657,0.23417358297172,0.00222146132549998,0.0016342802426346,0.69354912526687,0.840465982627701
509_LMSim.mat,/home/danny/cisc1/projects/colour_arctic/hyperspectralOutputs,13-Jun-2025 21:39:34,11762924,0,739781.902476852,0.0351286789414651,1.0842481228763,90.2775322286632,0.133298348653524,0.00794533232061776,0.00332725976732719,0.705084544178012,0.924350171450995
510_LMSim.mat,/home/danny/cisc1/projects/colour_arctic/hyperspectralOutputs,13-Jun-2025 21:02:17,11711531,0,739781.876585648,0.240940847180281,1.74156964778591,91.8604911235217,0.116317280977732,0.00644655157489253,0.00235570864563489,0.699051379069089,0.754685501337332
511_LMSim.mat,/home/danny/cisc1/projects/colour_arctic/hyperspectralOutputs,13-Jun-2025 21:01:33,11717686,0,739781.876076389,0.235321137334866,1.71917915748681,91.8049968863364,0.117703859669077,0.00649544294047995,0.00240186917698593,0.698980112736213,0.757372774989402
512_LMSim.mat,/home/danny/cisc1/projects/colour_arctic/hyperspectralOutputs,13-Jun-2025 21:00:48,11623443,0,739781.875555556,0.457778185380656,2.86931471372748,95.3811743451577,0.0930532065014813,0.00685577798691955,0.00200418570844131,0.706255269995643,0.707506303100579
513_LMSim.mat,/home/danny/cisc1/projects/colour_arctic/hyperspectralOutputs,13-Jun-2025 21:00:05,11638341,0,739781.87505787,0.461817541571886,2.89612659382833,95.3647666008068,0.0954703816443386,0.00693118602634887,0.00207886403754785,0.706323613089379,0.711877807886963
514_LMSim.mat,/home/danny/cisc1/projects/colour_arctic/hyperspectralOutputs,13-Jun-2025 20:59:22,11634609,0,739781.874560185,0.311831991410056,2.05036883184346,93.644957266289,0.0918149101545647,0.00740700691914886,0.00213651446063859,0.720198946589303,0.535290547078562
515_LMSim.mat,/home/danny/cisc1/projects/colour_arctic/hyperspectralOutputs,13-Jun-2025 20:58:37,11662124,0,739781.874039352,0.359331213472428,2.28734257376906,94.5909190397674,0.0816722711303677,0.0069922719568291,0.00179408417979728,0.717765876306434,0.551290125000583
516_LMSim.mat,/home/danny/cisc1/projects/colour_arctic/hyperspectralOutputs,13-Jun-2025 20:57:52,11741852,0,739781.873518519,0.141542369616055,1.38529532825442,91.115523802513,0.161066244092921,0.00941889030444266,0.00476600115393168,0.718169419254503,0.658350225438199
517_LMSim.mat,/home/danny/cisc1/projects/colour_arctic/hyperspectralOutputs,13-Jun-2025 20:57:01,11612614,0,739781.872928241,0.418974610245343,2.62406513061918,92.7686539977728,0.195914909923923,0.00841280627543133,0.0051779547390711,0.708097376997362,0.71397596679877
518_LMSim.mat,/home/danny/cisc1/projects/colour_arctic/hyperspectralOutputs,13-Jun-2025 20:56:16,11561462,0,739781.872407407,0.471839141803063,2.9637334499012,93.6446420240105,0.0558220479616301,0.00269053050713905,0.000471838700369569,0.735912680231362,0.384869534981353
519_LMSim.mat,/home/danny/cisc1/projects/colour_arctic/hyperspectralOutputs,13-Jun-2025 20:55:29,11593882,0,739781.871863426,0.471362365208314,2.96048159325915,94.1670169682572,0.0468983184125984,0.00258397662077837,0.000380711261547192,0.735960672108634,0.386838736646529
520_LMSim.mat,/home/danny/cisc1/projects/colour_arctic/hyperspectralOutputs,13-Jun-2025 20:54:25,11678520,0,739781.871122685,0.309692558747567,2.04029309015986,92.4203154956834,0.0662326694451816,0.0035948021238575,0.000747992290295427,0.73452973583345,0.437990456540301
521_LMSim.mat,/home/danny/cisc1/projects/colour_arctic/hyperspectralOutputs,13-Jun-2025 20:53:37,11621846,0,739781.87056713,0.358846397614525,2.28479056987004,94.1915069360065,0.105156424341503,0.00824875787279014,0.00272504851659115,0.716857155751382,0.564748948082111
522_LMSim.mat,/home/danny/cisc1/projects/colour_arctic/hyperspectralOutputs,13-Jun-2025 20:52:45,11653790,0,739781.869965278,0.268751259131128,1.85674070779059,93.5134947361537,0.105713955186612,0.00972808572233265,0.00323079634890261,0.716405145666814,0.564558335041175
523_LMSim.mat,/home/danny/cisc1/projects/colour_arctic/hyperspectralOutputs,13-Jun-2025 20:51:57,11708496,0,739781.869409722,0.181755732896433,1.51969254463773,92.4388932198701,0.107675541648464,0.0105241116549662,0.00356001956584877,0.716150566235247,0.595287015539787
524_LMSim.mat,/home/danny/cisc1/projects/colour_arctic/hyperspectralOutputs,13-Jun-2025 20:51:09,11653532,0,739781.868854167,0.194413982669209,1.56463839277429,91.1173810418758,0.192445398439712,0.00809384013589111,0.00489341474288843,0.698460931320905,0.777610819149838
525_LMSim.mat,/home/danny/cisc1/projects/colour_arctic/hyperspectralOutputs,13-Jun-2025 20:49:46,11703223,0,739781.867893519,0.125501429507934,1.33506198399665,90.7574985419057,0.202074473462809,0.00909801462045167,0.00577574431013174,0.698935234413272,0.798634140416426
526_LMSim.mat,/home/danny/cisc1/projects/colour_arctic/hyperspectralOutputs,13-Jun-2025 20:48:23,11718124,0,739781.86693287,-0.0744402472693168,0.842480296745667,89.7059980541766,0.152318609835376,0.00453356685858347,0.00216941613021861,0.697535798861551,0.501509015325977
527_LMSim.mat,/home/danny/cisc1/projects/colour_arctic/hyperspectralOutputs,13-Jun-2025 20:47:36,11734007,0,739781.866388889,-0.0698993593410834,0.851335298408017,89.6918289144653,0.152948075701889,0.0050834969353789,0.0024426230784856,0.698067546862565,0.499433896798441
528_LMSim.mat,/home/danny/cisc1/projects/colour_arctic/hyperspectralOutputs,13-Jun-2025 20:46:47,11702385,0,739781.865821759,0.141905523171522,1.38645418552072,90.5628989029954,0.190408134799851,0.00561915912078986,0.00336129556062671,0.696411452684547,0.572098689630951
529_LMSim.mat,/home/danny/cisc1/projects/colour_arctic/hyperspectralOutputs,13-Jun-2025 20:45:56,11712497,0,739781.865231481,0.129520714394102,1.34747499386169,90.5388274285012,0.184350641818931,0.00572207673223669,0.00331396718704467,0.697299518317725,0.581415415236882
530_LMSim.mat,/home/danny/cisc1/projects/colour_arctic/hyperspectralOutputs,13-Jun-2025 20:45:06,11686593,0,739781.864652778,0.186789048660614,1.53740768862977,91.7616896620903,0.132762012782483,0.00915506956404142,0.00381843453578439,0.702631731519775,0.713330792555877
531_LMSim.mat,/home/danny/cisc1/projects/colour_arctic/hyperspectralOutputs,13-Jun-2025 20:44:22,11702999,0,739781.864143518,0.180501715527708,1.51531078938956,91.7007735048132,0.129847953267496,0.00896396088232504,0.00365666296983231,0.703020371267243,0.725773313572538
532_LMSim.mat,/home/danny/cisc1/projects/colour_arctic/hyperspectralOutputs,13-Jun-2025 20:43:36,11693517,0,739781.863611111,0.0879327962513672,1.22442671393786,90.3794181445926,0.0912941817649633,0.00296236449181078,0.000849633184855881,0.695936181091649,0.421833646065536
533_LMSim.mat,/home/danny/cisc1/projects/colour_arctic/hyperspectralOutputs,13-Jun-2025 20:42:53,11702162,0,739781.863113426,-0.0831711499757239,0.825712482578994,89.5965636687116,0.160308143471262,0.00585025776164943,0.00294632369682937,0.699818602542437,0.607381226123846
534_LMSim.mat,/home/danny/cisc1/projects/colour_arctic/hyperspectralOutputs,13-Jun-2025 20:42:08,11720218,0,739781.862592593,0.0757327648409667,1.19050922454076,90.3807330662516,0.143745268991111,0.00544198695653926,0.00245754188879381,0.699253911921554,0.604894745988519
535_LMSim.mat,/home/danny/cisc1/projects/colour_arctic/hyperspectralOutputs,13-Jun-2025 20:41:26,11597329,0,739781.862106481,0.610071280213996,4.07447146110569,93.3019069873751,0.113483659051767,0.00340535431174757,0.0012140749767404,0.69560797938325,0.847251998851851
536_LMSim.mat,/home/danny/cisc1/projects/colour_arctic/hyperspectralOutputs,13-Jun-2025 20:40:42,11592991,0,739781.861597222,0.590106295884521,3.89140377516763,93.2529251868801,0.113941237671029,0.00354871631383732,0.00127028768659899,0.69569371609114,0.846378763165091
537_LMSim.mat,/home/danny/cisc1/projects/colour_arctic/hyperspectralOutputs,13-Jun-2025 21:06:41,11693004,0,739781.879641204,0.195949861285494,1.57018151852222,90.5590777356092,0.182415848587224,0.00381239379317786,0.00218479249032706,0.696334698977267,0.770766816650531
538_LMSim.mat,/home/danny/cisc1/projects/colour_arctic/hyperspectralOutputs,13-Jun-2025 21:05:57,11558924,0,739781.879131945,0.472662217527756,2.96935564906745,93.5514567924185,0.128997511976475,0.00604568261564527,0.00245005904456066,0.697885678067594,0.878476510203458
539_LMSim.mat,/home/danny/cisc1/projects/colour_arctic/hyperspectralOutputs,13-Jun-2025 21:05:12,11561766,0,739781.878611111,0.43011276506054,2.69223375476481,93.2489110131588,0.148739313734885,0.00723558885906281,0.00338103391719157,0.702602603546055,0.914981098057636
540_LMSim.mat,/home/danny/cisc1/projects/colour_arctic/hyperspectralOutputs,13-Jun-2025 21:04:28,11446759,0,739781.878101852,0.442555515660957,2.77048316609958,93.6397524719337,0.107672501090117,0.00564658223789598,0.00191003062912801,0.694822930272132,1.01934026146978
541_LMSim.mat,/home/danny/cisc1/projects/colour_arctic/hyperspectralOutputs,13-Jun-2025 21:03:38,11446069,0,739781.877523148,0.4951956597327,3.12748805565288,94.1256588731055,0.0911978101237519,0.00464938304003271,0.00133207785897254,0.689135312382108,0.986583253926181
542_LMSim.mat,/home/danny/cisc1/projects/colour_arctic/hyperspectralOutputs,13-Jun-2025 21:02:56,11446673,0,739781.877037037,0.536370406832151,3.43851091146819,94.409680526625,0.122926592701369,0.00597345594555787,0.00230686076025671,0.693177214036719,1.03839045854645
543_LMSim.mat,/home/danny/cisc1/projects/colour_arctic/hyperspectralOutputs,13-Jun-2025 21:02:07,11413608,0,739781.876469907,0.192842296149133,1.55898629073825,91.710176597489,0.0742790343786934,0.00480955779126324,0.00112233180315763,0.693141229956687,0.99914667020007
544_LMSim.mat,/home/danny/cisc1/projects/colour_arctic/hyperspectralOutputs,13-Jun-2025 21:01:22,11697041,0,739781.875949074,0.331954653809611,2.14760622342251,91.212729182681,0.21420998963177,0.00538626706422468,0.00362474513693024,0.700698644786967,0.784518284515197
545_LMSim.mat,/home/danny/cisc1/projects/colour_arctic/hyperspectralOutputs,13-Jun-2025 21:00:39,11702869,0,739781.875451389,0.331812170169964,2.14690175082768,91.2220542374525,0.213063714330355,0.00540131114185354,0.00361541838343269,0.70063247061235,0.787297481780485
546_LMSim.mat,/home/danny/cisc1/projects/colour_arctic/hyperspectralOutputs,13-Jun-2025 20:59:54,11695954,0,739781.874930556,0.343238399257821,2.20413605752388,91.2376137737794,0.210232525321877,0.00518376222910929,0.00342369329824888,0.696792074075888,0.773207034616829
547_LMSim.mat,/home/danny/cisc1/projects/colour_arctic/hyperspectralOutputs,13-Jun-2025 20:59:10,11699836,0,739781.874421296,0.351142979658138,2.24462078255654,91.2826752704818,0.208691008793906,0.00518867113910147,0.00340180767647816,0.696756168973758,0.773395689881679
548_LMSim.mat,/home/danny/cisc1/projects/colour_arctic/hyperspectralOutputs,13-Jun-2025 20:58:21,11365504,0,739781.873854167,0.548820126995643,3.53850755336647,93.0877646505679,0.0946850389190316,0.0031249782110495,0.000929561714471861,0.691360493758145,1.03965463400181
549_LMSim.mat,/home/danny/cisc1/projects/colour_arctic/hyperspectralOutputs,13-Jun-2025 20:57:29,11378018,0,739781.873252315,0.398032779063436,2.50053408634229,92.8442971590231,0.0949031659425017,0.00446825661194596,0.00133219770143219,0.691840034954262,1.0456408368254
550_LMSim.mat,/home/danny/cisc1/projects/colour_arctic/hyperspectralOutputs,13-Jun-2025 20:56:42,11410383,0,739781.872708333,0.0863939915828405,1.22009596701949,90.4273611652579,0.0736022227109086,0.00273770166993168,0.000633033835179068,0.688935771845174,1.08902783203677
551_LMSim.mat,/home/danny/cisc1/projects/colour_arctic/hyperspectralOutputs,13-Jun-2025 20:55:56,11723844,0,739781.872175926,0.0939140161500933,1.2414065032312,90.3192925003766,0.218257339696806,0.00557720611290505,0.00382415445444436,0.700514044560094,0.704313884083817
552_LMSim.mat,/home/danny/cisc1/projects/colour_arctic/hyperspectralOutputs,13-Jun-2025 20:54:53,11732749,0,739781.871446759,0.0864141377686248,1.22015256651863,90.3124433789973,0.217246668384324,0.00591029574660721,0.00403378002332948,0.700728023171672,0.711625810331712
553_LMSim.mat,/home/danny/cisc1/projects/colour_arctic/hyperspectralOutputs,13-Jun-2025 20:53:46,11593990,0,739781.870671296,0.581004823043486,3.81070055331592,91.1181971114986,0.2541516004284,0.00279471610647208,0.00223141536607127,0.69474848735087,0.725798051849957
554_LMSim.mat,/home/danny/cisc1/projects/colour_arctic/hyperspectralOutputs,13-Jun-2025 20:52:55,11613023,0,739781.870081019,0.422371041111446,2.6446672737541,91.9474116218503,0.238695264493413,0.00714693741851401,0.00535936894038241,0.693669769627278,0.866452837331386
555_LMSim.mat,/home/danny/cisc1/projects/colour_arctic/hyperspectralOutputs,13-Jun-2025 20:52:04,11612273,0,739781.869490741,0.436706323055971,2.73341971864476,91.9198075363312,0.229620834097626,0.00648933218705203,0.00468124282092542,0.693121718047303,0.883249382852739
556_LMSim.mat,/home/danny/cisc1/projects/colour_arctic/hyperspectralOutputs,13-Jun-2025 20:51:20,11742537,0,739781.868981482,0.0919732916881432,1.23587142728773,90.3814667524582,0.18454396147266,0.00575280899241911,0.00333525978028711,0.695120769511048,0.527659711817515
557_LMSim.mat,/home/danny/cisc1/projects/colour_arctic/hyperspectralOutputs,13-Jun-2025 20:50:22,11745960,0,739781.868310185,0.178043316547747,1.50675734272562,90.7005794439213,0.17601832113801,0.00510088388018283,0.0028206758755564,0.694610421943858,0.52955055634527
558_LMSim.mat,/home/danny/cisc1/projects/colour_arctic/hyperspectralOutputs,13-Jun-2025 20:48:46,11698485,0,739781.867199074,0.269022588061193,1.85790108374756,90.7607568808997,0.214268898325753,0.00430946949566799,0.00290090041586726,0.695310590964822,0.733080754425605
559_LMSim.mat,/home/danny/cisc1/projects/colour_arctic/hyperspectralOutputs,13-Jun-2025 20:48:03,11697235,0,739781.866701389,0.327666070985962,2.12650334885876,91.1649243744976,0.252421263545531,0.00619190979751798,0.00491021411112248,0.695822262700668,0.667590548486553
560_LMSim.mat,/home/danny/cisc1/projects/colour_arctic/hyperspectralOutputs,13-Jun-2025 20:47:20,11710538,0,739781.866203704,0.288152327507683,1.94156675698695,91.518137612277,0.159775308889792,0.00592447468915567,0.00297378377033206,0.699068761526851,0.720693400739682
561_LMSim.mat,/home/danny/cisc1/projects/colour_arctic/hyperspectralOutputs,13-Jun-2025 20:46:35,11707538,0,739781.86568287,-0.155539190040207,0.698973659649682,88.9838278499947,0.21046123834982,0.0101767411066967,0.00672869310268372,0.701006548525017,0.566336707967977
562_LMSim.mat,/home/danny/cisc1/projects/colour_arctic/hyperspectralOutputs,13-Jun-2025 20:45:49,11727794,0,739781.865150463,-0.0466295935736307,0.898194531122495,89.6736328592146,0.203785170867656,0.010760266484564,0.00688883015990361,0.700125235604549,0.563730480547109
563_LMSim.mat,/home/danny/cisc1/projects/colour_arctic/hyperspectralOutputs,13-Jun-2025 20:45:04,11682122,0,739781.86462963,0.0361585012264362,1.08682220065871,90.1252349606366,0.142224256280287,0.00372691233147226,0.00166522422825227,0.694767177063518,0.451905847361853
564_LMSim.mat,/home/danny/cisc1/projects/colour_arctic/hyperspectralOutputs,13-Jun-2025 20:44:16,11683236,0,739781.864074074,0.0637502116887188,1.15811106674236,90.2337669211517,0.136003463411078,0.00376371730029384,0.00160811401203103,0.694472744621642,0.454202926957015
565_LMSim.mat,/home/danny/cisc1/projects/colour_arctic/hyperspectralOutputs,13-Jun-2025 20:43:35,11713037,0,739781.863599537,-0.0422553551646843,0.907286909484008,89.7718138022452,0.204425463601645,0.00834048219751129,0.00535643727667022,0.697142760156735,0.570921373946103
566_LMSim.mat,/home/danny/cisc1/projects/colour_arctic/hyperspectralOutputs,13-Jun-2025 20:42:53,11714425,0,739781.863113426,-0.0397321686394061,0.912573454008737,89.7981183373063,0.209026669150105,0.00802726794935906,0.00527131941123909,0.696847639059684,0.576955087405142
567_LMSim.mat,/home/danny/cisc1/projects/colour_arctic/hyperspectralOutputs,13-Jun-2025 20:42:09,11714464,0,739781.862604167,-0.0356938642691522,0.921098628676961,89.8108155162726,0.20610413304287,0.00825753943443733,0.00534671739733317,0.696878929249722,0.57639057358978
568_LMSim.mat,/home/danny/cisc1/projects/colour_arctic/hyperspectralOutputs,13-Jun-2025 20:41:31,11727238,0,739781.862164352,0.0844124253008342,1.21454168563584,90.376551759579,0.213653466107183,0.00717062304608669,0.00481300937998477,0.697348363247604,0.663590904361405
569_LMSim.mat,/home/danny/cisc1/projects/colour_arctic/hyperspectralOutputs,13-Jun-2025 20:40:48,11732416,0,739781.861666667,0.10193797921821,1.26455574573746,90.4500346947448,0.212746025829412,0.00704625004085106,0.00470944120260797,0.69747857388997,0.6654929964408
570_LMSim.mat,/home/danny/cisc1/projects/colour_arctic/hyperspectralOutputs,13-Jun-2025 21:05:49,11611644,0,739781.879039352,0.424280402361576,2.65632006227144,93.4178055417426,0.0904511331386216,0.00470924298759504,0.00133818138531561,0.699357288985493,0.817985112973355
571_LMSim.mat,/home/danny/cisc1/projects/colour_arctic/hyperspectralOutputs,13-Jun-2025 21:05:06,11642808,0,739781.878541667,0.372581958849353,2.35820718828706,92.1677456049841,0.175284990643347,0.00684057179275296,0.00376692529743019,0.697634776213408,0.841374351190809
572_LMSim.mat,/home/danny/cisc1/projects/colour_arctic/hyperspectralOutputs,13-Jun-2025 21:04:19,11615600,0,739781.877997685,0.513732440831809,3.26386690640578,92.8796571517424,0.159699734396963,0.00541251989200011,0.00271552354070337,0.699089841696605,0.82927901756724
573_LMSim.mat,/home/danny/cisc1/projects/colour_arctic/hyperspectralOutputs,13-Jun-2025 21:03:31,11649064,0,739781.87744213,0.504962602611691,3.1986196625536,92.9697810805606,0.154857850691379,0.00554543454697542,0.00269785549355665,0.699581799284544,0.830381479726059
574_LMSim.mat,/home/danny/cisc1/projects/colour_arctic/hyperspectralOutputs,13-Jun-2025 21:02:40,11711764,0,739781.876851852,0.351329651183388,2.24558578871177,93.380426276339,0.162609994599666,0.0105885211294561,0.0054091922318905,0.698638003160027,0.818786251875523
575_LMSim.mat,/home/danny/cisc1/projects/colour_arctic/hyperspectralOutputs,13-Jun-2025 21:01:54,11712714,0,739781.876319444,0.343219579443563,2.20404054506826,92.5099538371241,0.166226161926097,0.0082892616128101,0.00432877583419813,0.697148979609943,0.84765927888219
576_LMSim.mat,/home/danny/cisc1/projects/colour_arctic/hyperspectralOutputs,13-Jun-2025 21:01:12,11678391,0,739781.875833333,0.331332450611091,2.1445316029305,93.5251380233866,0.143430699729819,0.0104345365131757,0.00470181084032368,0.704710198055406,0.712736747193686
577_LMSim.mat,/home/danny/cisc1/projects/colour_arctic/hyperspectralOutputs,13-Jun-2025 21:00:32,11689086,0,739781.87537037,0.200363478825613,1.58622020967644,93.8593769517175,0.124938433296461,0.0172230828137246,0.00676015755928955,0.707188196747662,0.744781128140786
578_LMSim.mat,/home/danny/cisc1/projects/colour_arctic/hyperspectralOutputs,13-Jun-2025 20:59:53,11697389,0,739781.874918981,0.237540332828234,1.72798645075893,93.9367473117645,0.142922999158243,0.0168000886504483,0.00754333798686994,0.706621824904907,0.753853318492874
579_LMSim.mat,/home/danny/cisc1/projects/colour_arctic/hyperspectralOutputs,13-Jun-2025 20:59:10,11691692,0,739781.874421296,0.222345341270373,1.66857349753632,94.3085960610688,0.11877746450524,0.0163293475617073,0.00609330273607813,0.706941828810829,0.740019604987809
580_LMSim.mat,/home/danny/cisc1/projects/colour_arctic/hyperspectralOutputs,13-Jun-2025 20:58:30,11673880,0,739781.873958333,0.144226545415864,1.39388371897355,90.6546773615222,0.155227124721536,0.00523751472618842,0.00255412849842655,0.693407468071646,0.795719914812955
581_LMSim.mat,/home/danny/cisc1/projects/colour_arctic/hyperspectralOutputs,13-Jun-2025 20:57:43,11640813,0,739781.873414352,0.237137378239462,1.72638390416443,91.5084571404987,0.148419490219871,0.00679521841558021,0.00316843081835908,0.699018706011968,0.782232064077933
582_LMSim.mat,/home/danny/cisc1/projects/colour_arctic/hyperspectralOutputs,13-Jun-2025 20:56:57,11637757,0,739781.872881944,0.301183451103748,2.00070681328293,91.5441432974323,0.125803138934603,0.00450993892464286,0.00178242806067238,0.699164290006567,0.767959208596004
583_LMSim.mat,/home/danny/cisc1/projects/colour_arctic/hyperspectralOutputs,13-Jun-2025 20:56:08,11552408,0,739781.872314815,0.3520285398513,2.24920240829655,92.3500076733822,0.0564910493455589,0.00255973768143496,0.000454281421815897,0.696402254444956,0.835584879198282
584_LMSim.mat,/home/danny/cisc1/projects/colour_arctic/hyperspectralOutputs,13-Jun-2025 20:55:17,11647129,0,739781.871724537,0.452592023885146,2.83525433989963,95.3091792880491,0.158167652810445,0.0116759450237226,0.00580175765473931,0.707259707003552,0.754742248528248
585_LMSim.mat,/home/danny/cisc1/projects/colour_arctic/hyperspectralOutputs,13-Jun-2025 20:53:56,11608242,0,739781.870787037,0.717941519145491,5.22325849356341,94.6296784247446,0.0987074866037402,0.00315318069983032,0.000977797282450609,0.699777765097651,0.797694443989686
586_LMSim.mat,/home/danny/cisc1/projects/colour_arctic/hyperspectralOutputs,13-Jun-2025 20:53:06,11620237,0,739781.870208333,0.714765845942367,5.18520398277658,94.6523482756202,0.0988839394020549,0.0031991536550469,0.000993826864619793,0.699854079648162,0.797841733322506
587_LMSim.mat,/home/danny/cisc1/projects/colour_arctic/hyperspectralOutputs,13-Jun-2025 20:52:18,11676640,0,739781.869652778,0.416804654885629,2.61098667169675,94.9212203536961,0.131509054369536,0.0100311422485507,0.00414434514481751,0.704757449385831,0.742361810361547
588_LMSim.mat,/home/danny/cisc1/projects/colour_arctic/hyperspectralOutputs,13-Jun-2025 20:51:39,11642936,0,739781.869201389,0.410403753785094,2.57278653289849,92.9859842301041,0.120625100280995,0.00573311506727862,0.00217259221258892,0.696742495660941,0.812392622181178
589_LMSim.mat,/home/danny/cisc1/projects/colour_arctic/hyperspectralOutputs,13-Jun-2025 20:50:58,11687510,0,739781.868726852,0.194717459947811,1.56573211641582,91.973553518841,0.142195183875033,0.0105006950710671,0.00469086362458723,0.699905112015958,0.793854751937148
590_LMSim.mat,/home/danny/cisc1/projects/colour_arctic/hyperspectralOutputs,13-Jun-2025 20:49:11,11630431,0,739781.867488426,0.403285675555159,2.53096229645056,92.8523702680351,0.0837308900662147,0.00388840646605246,0.00102283890156591,0.696651737131533,0.835111956790311
591_LMSim.mat,/home/danny/cisc1/projects/colour_arctic/hyperspectralOutputs,13-Jun-2025 20:48:10,11638766,0,739781.866782407,0.310830018684528,2.04564382230105,92.9590825197835,0.129099884330589,0.00851318894223153,0.00345277277090902,0.699856084784106,0.826693920217714
592_LMSim.mat,/home/danny/cisc1/projects/colour_arctic/hyperspectralOutputs,13-Jun-2025 20:47:28,11652291,0,739781.866296296,0.334565428740983,2.16055550927356,93.0501135319911,0.1288720491959,0.00803536626290023,0.00325322637243394,0.699172831193315,0.830781102391648
593_LMSim.mat,/home/danny/cisc1/projects/colour_arctic/hyperspectralOutputs,13-Jun-2025 20:46:45,11636985,0,739781.865798611,0.435261326837694,2.72434012474355,93.415350139478,0.149922405327644,0.00754514443984867,0.00355372626508204,0.703077789222151,0.724472253208643
594_LMSim.mat,/home/danny/cisc1/projects/colour_arctic/hyperspectralOutputs,13-Jun-2025 20:46:05,11649876,0,739781.865335648,0.457544054611648,2.86776826578341,93.645173747872,0.152357368563556,0.00765560038873845,0.00366431323885699,0.703695698719021,0.719138630504896
595_LMSim.mat,/home/danny/cisc1/projects/colour_arctic/hyperspectralOutputs,13-Jun-2025 20:45:24,11616369,0,739781.864861111,0.371076337659202,2.35004586140446,93.7313636282504,0.0886170771466434,0.00595355167418539,0.00165746139503562,0.697942481381444,0.781404749484862
596_LMSim.mat,/home/danny/cisc1/projects/colour_arctic/hyperspectralOutputs,13-Jun-2025 20:44:42,11628232,0,739781.864375,0.381394746469322,2.40654920862829,93.5634537642218,0.087286774192874,0.00541819904440688,0.00148577577087291,0.698045976810902,0.780550030180007
597_LMSim.mat,/home/danny/cisc1/projects/colour_arctic/hyperspectralOutputs,13-Jun-2025 20:44:05,11671961,0,739781.863946759,0.346260022941665,2.21952490699876,91.0852957063438,0.227490724580147,0.00486848530298477,0.00347942460242757,0.695251309650264,0.790900486087397
598_LMSim.mat,/home/danny/cisc1/projects/colour_arctic/hyperspectralOutputs,13-Jun-2025 20:43:24,11691736,0,739781.863472222,0.368846490271259,2.33801067779172,91.1238025031177,0.229340975802703,0.00470634635115743,0.00339090336646573,0.69501844873115,0.801911665726082
599_LMSim.mat,/home/danny/cisc1/projects/colour_arctic/hyperspectralOutputs,13-Jun-2025 20:42:37,11732662,0,739781.862928241,0.66611936349542,4.63574313127866,91.9045676719628,0.540394303873465,0.00812028878030773,0.0137858043157108,0.694702726108412,0.988428183461294
600_LMSim.mat,/home/danny/cisc1/projects/colour_arctic/hyperspectralOutputs,13-Jun-2025 20:41:57,11731551,0,739781.862465278,0.668294512425789,4.65901933119405,91.9068229000183,0.549926268550398,0.00822797306851227,0.0142150109804869,0.694679856779199,0.989359663244333
601_LMSim.mat,/home/danny/cisc1/projects/colour_arctic/hyperspectralOutputs,13-Jun-2025 20:41:16,11796752,0,739781.861990741,0.280542860991331,1.9078440018837,94.5850207095418,0.171807426266836,0.0195319633202332,0.0105423566582218,0.750707103446562,0.349446276261014
602_LMSim.mat,/home/danny/cisc1/projects/colour_arctic/hyperspectralOutputs,13-Jun-2025 20:40:33,11808203,0,739781.861493056,0.293124436829046,1.96392291196474,94.8491331478917,0.169335820041444,0.0193530619061624,0.0102955225408884,0.750512930399503,0.355169663518746
603_LMSim.mat,/home/danny/cisc1/projects/colour_arctic/hyperspectralOutputs,13-Jun-2025 21:06:22,11816071,0,739781.879421296,0.267199458607642,1.85011812840951,94.0684884765477,0.183114774004358,0.0195647377553298,0.011255046380976,0.749100911547051,0.387555911998944
604_LMSim.mat,/home/danny/cisc1/projects/colour_arctic/hyperspectralOutputs,13-Jun-2025 21:05:39,11744355,0,739781.878923611,0.334411583259672,2.15979028464045,92.1517851131543,0.248442068238979,0.0109660410515514,0.00855903645313706,0.730851816847675,0.416743561303095
605_LMSim.mat,/home/danny/cisc1/projects/colour_arctic/hyperspectralOutputs,13-Jun-2025 21:04:55,11751798,0,739781.878414352,0.333543846741422,2.15547925160527,92.2116820714659,0.243151762705271,0.0110634940366023,0.00845122377105762,0.731143203911706,0.414911582442158
606_LMSim.mat,/home/danny/cisc1/projects/colour_arctic/hyperspectralOutputs,13-Jun-2025 21:04:14,11762472,0,739781.877939815,0.325995859327937,2.11834093836062,92.1091554604625,0.247079062742728,0.011017754603364,0.00855222096167235,0.73035513783922,0.447732287470299
607_LMSim.mat,/home/danny/cisc1/projects/colour_arctic/hyperspectralOutputs,13-Jun-2025 21:03:28,11685458,0,739781.877407407,0.344866502628481,2.21241453305322,94.3864137744957,0.11264357352815,0.00968690879178941,0.0034280054440985,0.748632083124481,0.295259349733019
608_LMSim.mat,/home/danny/cisc1/projects/colour_arctic/hyperspectralOutputs,13-Jun-2025 21:02:40,11689870,0,739781.876851852,0.341415215736288,2.19490241191756,94.2813668250845,0.1135638034229,0.00965136899363045,0.00344333059929426,0.749605880019004,0.290201084206716
609_LMSim.mat,/home/danny/cisc1/projects/colour_arctic/hyperspectralOutputs,13-Jun-2025 21:01:53,11852127,0,739781.87630787,0.400896974255229,2.51707974131653,92.9954756760202,0.331821591995527,0.0162983435891002,0.0169901801714782,0.742407144871419,0.417484211323447
610_LMSim.mat,/home/danny/cisc1/projects/colour_arctic/hyperspectralOutputs,13-Jun-2025 21:01:02,11858547,0,739781.875717593,0.398192547120421,2.50145415091369,93.0512243873611,0.334135552375268,0.0168580724461444,0.0176962186638538,0.74302573486626,0.411051600746871
611_LMSim.mat,/home/danny/cisc1/projects/colour_arctic/hyperspectralOutputs,13-Jun-2025 21:00:14,11859153,0,739781.875162037,0.400159602820382,2.5128097170926,93.0559582164019,0.333612627505813,0.0167531848487986,0.0175585938706005,0.742853121844679,0.417689533893631
612_LMSim.mat,/home/danny/cisc1/projects/colour_arctic/hyperspectralOutputs,13-Jun-2025 20:59:28,11765220,0,739781.87462963,0.399434424171548,2.50861736488439,94.7689894564176,0.167004525449172,0.0130352573351332,0.00683908059363505,0.745403493000556,0.365760080089122
613_LMSim.mat,/home/danny/cisc1/projects/colour_arctic/hyperspectralOutputs,13-Jun-2025 20:58:46,11770039,0,739781.874143519,0.39575160104841,2.48743419916213,95.0281341206649,0.158093329299241,0.0131458962358256,0.00652910447570591,0.746050963357392,0.354683598790112
614_LMSim.mat,/home/danny/cisc1/projects/colour_arctic/hyperspectralOutputs,13-Jun-2025 20:58:02,11781016,0,739781.873634259,0.357961309558461,2.28013892985744,94.1482354310093,0.176926122272465,0.0137788783863863,0.00765871129984194,0.744819978830978,0.386615815127374
615_LMSim.mat,/home/danny/cisc1/projects/colour_arctic/hyperspectralOutputs,13-Jun-2025 20:57:23,11783540,0,739781.87318287,0.309723011739136,2.04043616176061,92.6339174177693,0.232507353980886,0.0137211569958829,0.0100225285017601,0.73989024482,0.50385075412152
616_LMSim.mat,/home/danny/cisc1/projects/colour_arctic/hyperspectralOutputs,13-Jun-2025 20:56:38,11751010,0,739781.872662037,0.363990180081915,2.31201251221419,92.8804769992015,0.420429417072637,0.0223902838746606,0.0295734892509091,0.715892887011214,0.766939478399618
617_LMSim.mat,/home/danny/cisc1/projects/colour_arctic/hyperspectralOutputs,13-Jun-2025 20:55:57,11775282,0,739781.8721875,0.338346581828344,2.17944835275444,92.734716447002,0.404567134875668,0.0223429101571386,0.0283975067674738,0.715270177212818,0.785166785892934
618_LMSim.mat,/home/danny/cisc1/projects/colour_arctic/hyperspectralOutputs,13-Jun-2025 20:54:51,11747829,0,739781.871423611,0.404200376089314,2.53629856561465,91.527020360136,0.265190966638383,0.00659193084650193,0.00549188256185002,0.694183360258397,0.723663520133382
619_LMSim.mat,/home/danny/cisc1/projects/colour_arctic/hyperspectralOutputs,13-Jun-2025 20:53:41,11746440,0,739781.870613426,0.433338042493226,2.71230198931772,91.4836823944189,0.28118204102297,0.00620789502544923,0.0054838026384901,0.690790575153703,0.811334258184227
620_LMSim.mat,/home/danny/cisc1/projects/colour_arctic/hyperspectralOutputs,13-Jun-2025 20:52:52,11778985,0,739781.870046296,0.28905508279623,1.94560683278613,94.3257585551365,0.298172468047657,0.0309911801891291,0.0290305676505653,0.705533199775318,0.76757760790994
621_LMSim.mat,/home/danny/cisc1/projects/colour_arctic/hyperspectralOutputs,13-Jun-2025 20:52:04,11724007,0,739781.869490741,0.508716304338165,3.22638585018619,91.4781742642422,0.362056362073021,0.00640069939586077,0.00728037060291074,0.68931496253532,0.85366900179989
622_LMSim.mat,/home/danny/cisc1/projects/colour_arctic/hyperspectralOutputs,13-Jun-2025 20:51:20,11687779,0,739781.868981482,0.677707112475995,4.7610979080717,91.5681013312884,0.432461457525035,0.00519800239009698,0.0070620982489435,0.687313127304343,0.942426988378757
623_LMSim.mat,/home/danny/cisc1/projects/colour_arctic/hyperspectralOutputs,13-Jun-2025 20:50:24,11719938,0,739781.868333333,0.169220391380735,1.47645559998276,90.5763974672892,0.202735804937721,0.00510062043777932,0.00324865307368401,0.693041779260881,0.728524951396501
624_LMSim.mat,/home/danny/cisc1/projects/colour_arctic/hyperspectralOutputs,13-Jun-2025 20:49:10,11706383,0,739781.867476852,-0.0228508907471905,0.948744146113086,89.9170457816865,0.188380468181167,0.0051773050823046,0.00306400522778027,0.686641239640376,0.632279562084653
625_LMSim.mat,/home/danny/cisc1/projects/colour_arctic/hyperspectralOutputs,13-Jun-2025 20:48:09,11706082,0,739781.866770833,-0.135002047167997,0.732821078774507,89.507250807728,0.157311165334174,0.00427948920756363,0.00211495609623682,0.687206851355154,0.596821531307109
626_LMSim.mat,/home/danny/cisc1/projects/colour_arctic/hyperspectralOutputs,13-Jun-2025 20:47:24,11691257,0,739781.86625,-0.27889810706263,0.526140693545656,89.190364919007,0.172637521147641,0.00354771333043668,0.00192412633629417,0.689941348924115,0.689707470348558
627_LMSim.mat,/home/danny/cisc1/projects/colour_arctic/hyperspectralOutputs,13-Jun-2025 20:46:36,11691425,0,739781.865694444,-0.291865547005144,0.510663071410888,89.1494312658752,0.180434053066519,0.003698688800948,0.00209660284004329,0.690431712584888,0.649793312325655
628_LMSim.mat,/home/danny/cisc1/projects/colour_arctic/hyperspectralOutputs,13-Jun-2025 20:45:53,11744560,0,739781.865196759,0.254517366382702,1.79687293132609,92.451220920141,0.172900269639098,0.0118567010329096,0.00644034915219871,0.722423120825864,0.576714719665059
629_LMSim.mat,/home/danny/cisc1/projects/colour_arctic/hyperspectralOutputs,13-Jun-2025 20:45:12,11752483,0,739781.864722222,0.246442175814304,1.76377091137351,92.3820560470591,0.173832681423643,0.0120057885904516,0.00655649891464119,0.722061602659209,0.577473323287109
630_LMSim.mat,/home/danny/cisc1/projects/colour_arctic/hyperspectralOutputs,13-Jun-2025 20:44:26,11779760,0,739781.864189815,0.157243486143239,1.43629446265506,91.1450786077254,0.22698919283726,0.0122209648026069,0.00871486264374018,0.720575410919698,0.658087431397646
631_LMSim.mat,/home/danny/cisc1/projects/colour_arctic/hyperspectralOutputs,13-Jun-2025 20:43:49,11725330,0,739781.863761574,0.488534651601828,3.07988607045528,95.2501636229993,0.129375067410131,0.00852032885892825,0.0034630345092199,0.736259230821624,0.409185243215205
632_LMSim.mat,/home/danny/cisc1/projects/colour_arctic/hyperspectralOutputs,13-Jun-2025 20:43:04,11714466,0,739781.863240741,0.5250189638526,3.34980066039285,95.781783948345,0.122633516772068,0.00802199394122603,0.00309058992898748,0.735977269268843,0.405548447914916
633_LMSim.mat,/home/danny/cisc1/projects/colour_arctic/hyperspectralOutputs,13-Jun-2025 20:42:25,11666598,0,739781.862789352,0.420653920349304,2.63423138858455,92.6514878370379,0.216995757595279,0.00888030466484356,0.00605381272170724,0.714095934628256,0.668833327823777
634_LMSim.mat,/home/danny/cisc1/projects/colour_arctic/hyperspectralOutputs,13-Jun-2025 20:41:48,11703319,0,739781.862361111,0.440830924801721,2.75950334474176,92.8689939254158,0.222700552468033,0.00927233092289008,0.00648724186342662,0.713280386752315,0.641503739173697
635_LMSim.mat,/home/danny/cisc1/projects/colour_arctic/hyperspectralOutputs,13-Jun-2025 20:41:09,11707578,0,739781.861909722,0.444034994759517,2.77993726166352,92.8823270599318,0.224260299008267,0.00929115435931201,0.00654593886395409,0.713393507943439,0.641704365381222
636_LMSim.mat,/home/danny/cisc1/projects/colour_arctic/hyperspectralOutputs,13-Jun-2025 21:06:14,11720546,0,739781.879328704,0.433846382881489,2.71547858939755,92.8510435050502,0.219798658344368,0.00928729757099536,0.00641304475403892,0.713054027219777,0.649668932317603
637_LMSim.mat,/home/danny/cisc1/projects/colour_arctic/hyperspectralOutputs,13-Jun-2025 21:05:23,11874346,0,739781.878738426,0.431078969492563,2.69823001773434,96.3272698925267,0.108677297154686,0.0101395220977719,0.00346183359001865,0.742249531329838,0.362392500386028
638_LMSim.mat,/home/danny/cisc1/projects/colour_arctic/hyperspectralOutputs,13-Jun-2025 21:04:39,11877171,0,739781.878229167,0.428234918576957,2.6806179326107,96.2587132089013,0.109245029037848,0.0101717927495436,0.00349099365908245,0.742285400522055,0.363624644491892
639_LMSim.mat,/home/danny/cisc1/projects/colour_arctic/hyperspectralOutputs,13-Jun-2025 21:03:54,11787648,0,739781.877708333,0.551228439891284,3.5581843066273,96.7970127332936,0.118531140395851,0.0084579172628657,0.00314953013417362,0.738854399754042,0.367981929032091
640_LMSim.mat,/home/danny/cisc1/projects/colour_arctic/hyperspectralOutputs,13-Jun-2025 21:03:08,11807300,0,739781.877175926,0.541834713648936,3.48204767994,95.0980749925966,0.268109113189557,0.0148098766847539,0.0124742054103322,0.74857009500942,0.409377864764785
641_LMSim.mat,/home/danny/cisc1/projects/colour_arctic/hyperspectralOutputs,13-Jun-2025 21:02:25,11678740,0,739781.876678241,0.556372026464718,3.60057636593779,93.3598485849763,0.162884405910752,0.0057287930578222,0.00293151766348288,0.705065139474453,0.756695116191633
642_LMSim.mat,/home/danny/cisc1/projects/colour_arctic/hyperspectralOutputs,13-Jun-2025 21:01:37,11702335,0,739781.876122685,0.22679384290524,1.6857526183492,91.5733492232017,0.136568901835684,0.00684438049637885,0.00293653941868561,0.700171798143248,0.833682067837966
643_LMSim.mat,/home/danny/cisc1/projects/colour_arctic/hyperspectralOutputs,13-Jun-2025 21:00:54,11710838,0,739781.875625,0.230240320997075,1.69918365185208,91.5518104568388,0.13813901021774,0.00671797276451512,0.002915442305251,0.700439037986781,0.841223716800973
644_LMSim.mat,/home/danny/cisc1/projects/colour_arctic/hyperspectralOutputs,13-Jun-2025 21:00:02,11664874,0,739781.875023148,0.536084192476843,3.43624556617379,92.4512180984279,0.207651984212824,0.00563796835079282,0.00367797346481175,0.696626847758126,0.966994349696382
645_LMSim.mat,/home/danny/cisc1/projects/colour_arctic/hyperspectralOutputs,13-Jun-2025 20:59:15,11718563,0,739781.874479167,0.614507751961064,4.11630694659852,92.6132674747646,0.226567569593737,0.00532546368285492,0.00379057458142371,0.696291335675243,0.985457125419869
646_LMSim.mat,/home/danny/cisc1/projects/colour_arctic/hyperspectralOutputs,13-Jun-2025 20:58:26,11725288,0,739781.873912037,0.14628989509256,1.40052187034762,90.7031827517572,0.194842944449725,0.00695697765854984,0.00425848542662019,0.696179802598401,0.723456905579004
647_LMSim.mat,/home/danny/cisc1/projects/colour_arctic/hyperspectralOutputs,13-Jun-2025 20:57:39,11715211,0,739781.873368056,0.115174379919036,1.30369013703812,90.4631308063852,0.179799237500763,0.00541135499471324,0.00305663614020962,0.695902929979985,0.709349306384861
648_LMSim.mat,/home/danny/cisc1/projects/colour_arctic/hyperspectralOutputs,13-Jun-2025 20:56:51,11736217,0,739781.8728125,0.13959527315196,1.37909845887589,90.5483949272026,0.174713470028901,0.00510928265089206,0.0028043756730207,0.696784265604287,0.728784701488989
649_LMSim.mat,/home/danny/cisc1/projects/colour_arctic/hyperspectralOutputs,13-Jun-2025 20:56:08,11673139,0,739781.872314815,0.510817805597328,3.24203579541416,92.5929745379111,0.274727498943593,0.00845675643761232,0.00729887334991191,0.694287256066122,1.0044940400268
650_LMSim.mat,/home/danny/cisc1/projects/colour_arctic/hyperspectralOutputs,13-Jun-2025 20:55:16,11690089,0,739781.871712963,0.513303599034138,3.26064560891613,92.5204873445306,0.275025633318428,0.00817365978394073,0.00706219334108179,0.693885785501544,1.00195819892651
651_LMSim.mat,/home/danny/cisc1/projects/colour_arctic/hyperspectralOutputs,13-Jun-2025 20:54:09,11688173,0,739781.8709375,0.517148626466501,3.28964191413124,92.6057193736145,0.278160713640129,0.0084545486017934,0.0073881565564135,0.693950765336156,1.01060681865479
652_LMSim.mat,/home/danny/cisc1/projects/colour_arctic/hyperspectralOutputs,13-Jun-2025 20:53:21,11620579,0,739781.870381944,0.646428033386678,4.43024795099347,92.4598687425171,0.402867387654554,0.00821390919345293,0.0103958949527802,0.689457652866949,1.09184196662429
653_LMSim.mat,/home/danny/cisc1/projects/colour_arctic/hyperspectralOutputs,13-Jun-2025 20:52:35,11708968,0,739781.869849537,0.312001732995938,2.05117036373918,92.020144253819,0.222556367941729,0.0100081275304242,0.0069974971238649,0.696913319634302,0.857243154389519
654_LMSim.mat,/home/danny/cisc1/projects/colour_arctic/hyperspectralOutputs,13-Jun-2025 20:51:52,11719207,0,739781.869351852,0.192759654641691,1.55868966085886,90.7260290681123,0.257575635675193,0.00711147832998331,0.00575459208445123,0.692933997500411,0.734060696520945
655_LMSim.mat,/home/danny/cisc1/projects/colour_arctic/hyperspectralOutputs,13-Jun-2025 20:51:01,11729675,0,739781.868761574,0.249684139311247,1.77698654454051,90.8629169885425,0.254723879654489,0.00631408324346688,0.00505277357081091,0.692694656753405,0.735848291680402
656_LMSim.mat,/home/danny/cisc1/projects/colour_arctic/hyperspectralOutputs,13-Jun-2025 20:49:47,11742731,0,739781.867905093,0.240535692926459,1.73994569133945,90.8880181813676,0.244485794275195,0.00649830764082883,0.00499118618042317,0.693696538631411,0.760027359098296
657_LMSim.mat,/home/danny/cisc1/projects/colour_arctic/hyperspectralOutputs,13-Jun-2025 20:48:30,11658165,0,739781.867013889,0.672316243979397,4.70236400083085,92.7098660159461,0.172029477242427,0.00361743153138333,0.00195502836171677,0.70013589291729,0.744135822071571
658_LMSim.mat,/home/danny/cisc1/projects/colour_arctic/hyperspectralOutputs,13-Jun-2025 20:47:42,11577193,0,739781.866458333,0.961029804744555,9.14175977350384,92.39268130663,0.478767890681567,0.00442153801434666,0.0066504074192494,0.68270098881619,1.26796074303295
659_LMSim.mat,/home/danny/cisc1/projects/colour_arctic/hyperspectralOutputs,13-Jun-2025 20:46:56,11699008,0,739781.865925926,0.368369449433911,2.33544395339237,91.3084755062709,0.245965792292568,0.0058848868937941,0.00454739525918603,0.69528083151803,0.781625063973757
660_LMSim.mat,/home/danny/cisc1/projects/colour_arctic/hyperspectralOutputs,13-Jun-2025 20:46:12,11700737,0,739781.865416667,0.363606172828368,2.3099691125994,91.2184745603565,0.232304214456791,0.0052595485146231,0.00383844592681432,0.695456793232971,0.760756905848377
661_LMSim.mat,/home/danny/cisc1/projects/colour_arctic/hyperspectralOutputs,13-Jun-2025 20:45:25,11694337,0,739781.864872685,0.346768827369158,2.22212674960089,93.3247898069359,0.189353778390336,0.0123207603585758,0.00732928076632578,0.708252791367717,0.726856242995268
662_LMSim.mat,/home/danny/cisc1/projects/colour_arctic/hyperspectralOutputs,13-Jun-2025 20:44:38,11720258,0,739781.864328704,0.368991188259943,2.33878978464471,93.6074581416487,0.188646202586846,0.0123433988139556,0.0073153094337862,0.707461795621343,0.760674610462475
663_LMSim.mat,/home/danny/cisc1/projects/colour_arctic/hyperspectralOutputs,13-Jun-2025 20:43:59,11744272,0,739781.863877315,0.151821291396036,1.41847371132616,91.626287140035,0.175802115942002,0.0138926955070858,0.00767291677793952,0.707888223283771,0.809727634734666
664_LMSim.mat,/home/danny/cisc1/projects/colour_arctic/hyperspectralOutputs,13-Jun-2025 20:43:20,11670114,0,739781.863425926,0.370925054063388,2.34922738111485,95.3617952701929,0.11535235215649,0.0110558694154277,0.00400653764636205,0.718896251195494,0.565168922497602
665_LMSim.mat,/home/danny/cisc1/projects/colour_arctic/hyperspectralOutputs,13-Jun-2025 20:42:37,11675750,0,739781.862928241,0.395433458260874,2.48561269440391,95.851422356346,0.110475952197717,0.0106561851638526,0.00369844687165031,0.719576278808365,0.555572775895269
666_LMSim.mat,/home/danny/cisc1/projects/colour_arctic/hyperspectralOutputs,13-Jun-2025 20:41:54,11692378,0,739781.862430556,0.373372451714814,2.36250345177428,95.3261325978028,0.11557590875882,0.0109184420089094,0.00396440359593971,0.719514621246592,0.558310444138158
667_LMSim.mat,/home/danny/cisc1/projects/colour_arctic/hyperspectralOutputs,13-Jun-2025 20:41:15,11710175,0,739781.861979167,0.160988966305503,1.44873504648496,91.2747210227172,0.187333957326387,0.0109488082040636,0.00644366907187598,0.705692142453317,0.721482113936753
668_LMSim.mat,/home/danny/cisc1/projects/colour_arctic/hyperspectralOutputs,13-Jun-2025 20:40:33,11733074,0,739781.861493056,0.166509110172799,1.46726686536579,91.4385402346593,0.177510687108486,0.0112937408160352,0.00629813832147842,0.707427562135877,0.704124527587264
669_LMSim.mat,/home/danny/cisc1/projects/colour_arctic/hyperspectralOutputs,13-Jun-2025 21:07:12,11751032,0,739781.88,0.0925914109049859,1.23763166095103,90.7753836881225,0.186471219028975,0.0116995277340103,0.00685377769688419,0.707391562101601,0.736109099984709
670_LMSim.mat,/home/danny/cisc1/projects/colour_arctic/hyperspectralOutputs,13-Jun-2025 21:06:21,11700506,0,739781.879409722,0.39955294209052,2.50930205394697,94.7950909350029,0.168630769315271,0.0132277731457561,0.00700766661268195,0.715449549970936,0.688870810833076
671_LMSim.mat,/home/danny/cisc1/projects/colour_arctic/hyperspectralOutputs,13-Jun-2025 21:05:33,11717565,0,739781.878854167,0.581021361185946,3.81084566938628,96.6353245653852,0.127072182603471,0.00818628338802611,0.00326803829437574,0.723652418424764,0.554257735143586
672_LMSim.mat,/home/danny/cisc1/projects/colour_arctic/hyperspectralOutputs,13-Jun-2025 21:04:51,11749958,0,739781.878368056,0.109557340147025,1.28693715685668,90.8087317353258,0.227705802419238,0.0125666586065241,0.00898967077659342,0.701396231114694,0.754648025123723
673_LMSim.mat,/home/danny/cisc1/projects/colour_arctic/hyperspectralOutputs,13-Jun-2025 21:04:07,11758049,0,739781.877858796,0.10978739002699,1.28761904018115,90.8140498872359,0.227859527578666,0.0126303893383042,0.00904136086461008,0.701395300631013,0.761145524580758
674_LMSim.mat,/home/danny/cisc1/projects/colour_arctic/hyperspectralOutputs,13-Jun-2025 21:03:21,11618515,0,739781.877326389,0.840479378320184,6.92595042046691,92.206801963801,0.245444268934717,0.00278489050046958,0.0021473898317953,0.68830832759682,1.0202233729505
675_LMSim.mat,/home/danny/cisc1/projects/colour_arctic/hyperspectralOutputs,13-Jun-2025 21:02:32,11615726,0,739781.876759259,0.73699871410599,5.45756245169921,92.4344450994395,0.256196766930949,0.00412171931963254,0.00331743125086908,0.686879459100407,1.08662978343337
676_LMSim.mat,/home/danny/cisc1/projects/colour_arctic/hyperspectralOutputs,13-Jun-2025 21:01:47,11636912,0,739781.876238426,0.721238577583688,5.26306310829973,92.1757192644276,0.316975284343189,0.00473970112152491,0.00471982861955356,0.687083242213217,1.04751709356191
677_LMSim.mat,/home/danny/cisc1/projects/colour_arctic/hyperspectralOutputs,13-Jun-2025 21:01:04,11648977,0,739781.875740741,0.669916326665605,4.67645033789642,92.4081634081432,0.495538737731614,0.00932001184960305,0.014509216044045,0.685219782028789,1.16806604440661
678_LMSim.mat,/home/danny/cisc1/projects/colour_arctic/hyperspectralOutputs,13-Jun-2025 21:00:24,11673248,0,739781.875277778,0.853067714885761,7.12964186327849,91.581728910247,0.464563770093038,0.00366773716587754,0.0053529528281965,0.686731827548579,0.916260855407566
679_LMSim.mat,/home/danny/cisc1/projects/colour_arctic/hyperspectralOutputs,13-Jun-2025 20:59:43,11613487,0,739781.874803241,0.881612269984198,7.61398943715044,91.7563633768044,0.469220814379623,0.00384186611192026,0.00566329738414672,0.685997890005176,0.991048107402048
680_LMSim.mat,/home/danny/cisc1/projects/colour_arctic/hyperspectralOutputs,13-Jun-2025 20:59:04,11722819,0,739781.874351852,0.0890876677464996,1.22768703005401,90.4703838784325,0.181833180947659,0.00721480073485592,0.00412142451260492,0.694096039199994,0.55448116182295
681_LMSim.mat,/home/danny/cisc1/projects/colour_arctic/hyperspectralOutputs,13-Jun-2025 20:58:24,11723472,0,739781.873888889,0.18745526402698,1.53976790888524,90.8950233756506,0.1992955584837,0.00698375921844801,0.00437256979493451,0.693247238440469,0.559401190588084
682_LMSim.mat,/home/danny/cisc1/projects/colour_arctic/hyperspectralOutputs,13-Jun-2025 20:57:33,11744193,0,739781.873298611,0.248479159184645,1.77206300577685,91.1626325889505,0.221574997392542,0.00743507620620286,0.00517554453225978,0.695085356573461,0.655903824801626
683_LMSim.mat,/home/danny/cisc1/projects/colour_arctic/hyperspectralOutputs,13-Jun-2025 20:56:49,11640548,0,739781.872789352,0.74744859220432,5.59047348758491,92.313783033396,0.316194279992416,0.00471291638096387,0.00468159258139692,0.691401360277393,0.983421451378652
684_LMSim.mat,/home/danny/cisc1/projects/colour_arctic/hyperspectralOutputs,13-Jun-2025 20:56:04,11617039,0,739781.872268519,0.875736527406998,7.51167046699424,92.1836601190827,0.336596425382556,0.00347347625795618,0.00367302349950941,0.684145360888116,1.10541489153947
685_LMSim.mat,/home/danny/cisc1/projects/colour_arctic/hyperspectralOutputs,13-Jun-2025 20:55:17,11729252,0,739781.871724537,0.459291119186203,2.87932785832163,91.398933362872,0.267782143171198,0.00516040941618652,0.00434125848139499,0.692905089156476,0.670336733186466
686_LMSim.mat,/home/danny/cisc1/projects/colour_arctic/hyperspectralOutputs,13-Jun-2025 20:54:02,11712600,0,739781.870856481,0.983156825777917,9.61959583798491,91.540957119266,0.420164136744254,0.00237386229782841,0.00313346159327551,0.687234463774357,0.883232218413338
687_LMSim.mat,/home/danny/cisc1/projects/colour_arctic/hyperspectralOutputs,13-Jun-2025 20:53:18,11730097,0,739781.870347222,0.950576334329535,8.92434465697748,91.5899330038298,0.387036749667807,0.00243617988242503,0.00296217988892579,0.685259235362487,0.970528828435062
688_LMSim.mat,/home/danny/cisc1/projects/colour_arctic/hyperspectralOutputs,13-Jun-2025 20:52:35,11716165,0,739781.869849537,0.254949290261792,1.79866088494976,90.9586041857182,0.256619813393021,0.00690363772382104,0.00556567766606236,0.691823523156003,0.813496902988516
689_LMSim.mat,/home/danny/cisc1/projects/colour_arctic/hyperspectralOutputs,13-Jun-2025 20:51:49,11733951,0,739781.86931713,0.344027686807759,2.20814550052528,91.1977203065857,0.228166916749201,0.00542996808505531,0.00389224189944976,0.693472320079281,0.749017962550624
690_LMSim.mat,/home/danny/cisc1/projects/colour_arctic/hyperspectralOutputs,13-Jun-2025 20:51:03,11685461,0,739781.868784722,0.679795572161947,4.78404848175674,91.6335033923477,0.408905048567027,0.00509277041874448,0.0065422395778654,0.687286509611976,0.942993394458021
691_LMSim.mat,/home/danny/cisc1/projects/colour_arctic/hyperspectralOutputs,13-Jun-2025 20:49:47,11710330,0,739781.867905093,0.678006673345192,4.76438307674077,91.6990581832829,0.399532713848365,0.00519876054531048,0.00652532327606189,0.686727479680044,0.985888553573026
692_LMSim.mat,/home/danny/cisc1/projects/colour_arctic/hyperspectralOutputs,13-Jun-2025 20:48:19,11692699,0,739781.866886574,0.416938195136843,2.61178964166814,91.68885690468,0.29743694214088,0.00785683780702081,0.00734163126453385,0.691955501757902,0.791295347300099
693_LMSim.mat,/home/danny/cisc1/projects/colour_arctic/hyperspectralOutputs,13-Jun-2025 20:47:32,11690996,0,739781.866342593,0.442799200591512,2.77203813506559,91.3881756456176,0.275557477057046,0.00553310531440498,0.00478995031856478,0.691418676105543,0.770349066112282
694_LMSim.mat,/home/danny/cisc1/projects/colour_arctic/hyperspectralOutputs,13-Jun-2025 20:46:47,11622740,0,739781.865821759,-0.185402371586464,0.652525710810407,89.0333879030266,0.149511048193582,0.00572321875685907,0.00268821193597833,0.693916830114077,0.68734604488056
695_LMSim.mat,/home/danny/cisc1/projects/colour_arctic/hyperspectralOutputs,13-Jun-2025 20:45:57,11669633,0,739781.865243056,0.0682307049209795,1.17012081485153,90.276953113943,0.131322190980843,0.00402001013619895,0.00165849872016235,0.694431151189001,0.637122520399161
696_LMSim.mat,/home/danny/cisc1/projects/colour_arctic/hyperspectralOutputs,13-Jun-2025 20:45:12,11616553,0,739781.864722222,-0.0587449698983756,0.873484152610296,89.8131547340514,0.122728188185417,0.00294808576676078,0.00113666976890833,0.688992678127646,0.572797107703312
697_LMSim.mat,/home/danny/cisc1/projects/colour_arctic/hyperspectralOutputs,13-Jun-2025 20:44:22,11627720,0,739781.864143518,-0.0839440505323395,0.824244294255446,89.7588267038503,0.127203465597183,0.00275163387805166,0.00109961198358975,0.688652416778997,0.578989427472007
698_LMSim.mat,/home/danny/cisc1/projects/colour_arctic/hyperspectralOutputs,13-Jun-2025 20:43:32,11607838,0,739781.863564815,1.00411096171957,10.09510781924,91.950294614379,0.472081786334406,0.00321248259726972,0.00476439654849937,0.680808962060869,1.19276195699833
699_LMSim.mat,/home/danny/cisc1/projects/colour_arctic/hyperspectralOutputs,13-Jun-2025 20:42:48,11658304,0,739781.863055555,0.466596370597492,2.92817056472686,91.0364432413339,0.213295388152932,0.0029820525653341,0.00199823532671595,0.693029573164805,0.837949398337584
700_LMSim.mat,/home/danny/cisc1/projects/colour_arctic/hyperspectralOutputs,13-Jun-2025 20:42:04,11673301,0,739781.862546296,0.467335882583694,2.93316086967446,91.0472188899652,0.205132021872369,0.00289148833241284,0.00186339436377335,0.692974863169405,0.846493704290617
701_LMSim.mat,/home/danny/cisc1/projects/colour_arctic/hyperspectralOutputs,13-Jun-2025 20:41:22,11676231,0,739781.862060185,0.63922508458056,4.3573764771318,91.5096558843078,0.301730417879816,0.00384951112117016,0.00364900573195838,0.689103502103817,0.907354353047072
702_LMSim.mat,/home/danny/cisc1/projects/colour_arctic/hyperspectralOutputs,13-Jun-2025 21:06:05,11691617,0,739781.879224537,0.655854636066997,4.52746014641962,91.5498452964613,0.297057250937914,0.00372925817664847,0.0034802663381724,0.689481836539294,0.909497719453354
703_LMSim.mat,/home/danny/cisc1/projects/colour_arctic/hyperspectralOutputs,13-Jun-2025 21:05:20,11589566,0,739781.878703704,0.580397334314932,3.80537389269717,92.572480692768,0.142082959321494,0.00359433914527034,0.00160439359483239,0.691827152488242,0.975786632153864
704_LMSim.mat,/home/danny/cisc1/projects/colour_arctic/hyperspectralOutputs,13-Jun-2025 21:04:35,11613863,0,739781.87818287,0.560835657533208,3.63777352175746,92.5898655757063,0.137409706427051,0.00368626221120864,0.00159130529789088,0.692215531863296,0.967069794163737
705_LMSim.mat,/home/danny/cisc1/projects/colour_arctic/hyperspectralOutputs,13-Jun-2025 21:03:48,11626926,0,739781.877638889,0.34453189143048,2.21071058885819,91.2666830641572,0.167321217589475,0.00420340314418965,0.00220954033359538,0.693414630505829,0.858767307682643
706_LMSim.mat,/home/danny/cisc1/projects/colour_arctic/hyperspectralOutputs,13-Jun-2025 21:03:05,11536000,0,739781.877141204,0.506245897903729,3.20808523094976,93.833716062382,0.0455705033956246,0.00209479236996918,0.00029989876831438,0.731137508898876,0.386879432941097
707_LMSim.mat,/home/danny/cisc1/projects/colour_arctic/hyperspectralOutputs,13-Jun-2025 21:02:21,11555470,0,739781.876631944,0.524304767247413,3.34429644545396,94.2255465232986,0.0428704689877931,0.00206413169522325,0.000278000457000243,0.730741678375899,0.391162378498565
708_LMSim.mat,/home/danny/cisc1/projects/colour_arctic/hyperspectralOutputs,13-Jun-2025 21:01:36,11635103,0,739781.876111111,0.417714093390656,2.6164599619554,93.2085900011041,0.0536734301586138,0.00267827604398964,0.000451611050841081,0.73006689664336,0.422129074391665
709_LMSim.mat,/home/danny/cisc1/projects/colour_arctic/hyperspectralOutputs,13-Jun-2025 21:00:48,11524602,0,739781.875555556,0.605088190804133,4.02798821101193,94.7103196305084,0.0405786310603916,0.00175397804675931,0.000223599803640333,0.731301422178446,0.390229201404028
710_LMSim.mat,/home/danny/cisc1/projects/colour_arctic/hyperspectralOutputs,13-Jun-2025 21:00:05,11405524,0,739781.87505787,0.280218690066034,1.90642045906455,97.2811919749383,0.0243740512490239,0.00429704638689789,0.000329039195449957,0.735100774902954,0.331909018906108
711_LMSim.mat,/home/danny/cisc1/projects/colour_arctic/hyperspectralOutputs,13-Jun-2025 20:59:24,11541128,0,739781.874583333,0.441719460631462,2.76515487298558,93.1335649678324,0.0504575394729732,0.0022870015092611,0.000362528699035323,0.735324812222054,0.32682222297396
712_LMSim.mat,/home/danny/cisc1/projects/colour_arctic/hyperspectralOutputs,13-Jun-2025 20:58:43,11557758,0,739781.874108796,0.500977826880309,3.16940564333908,93.8855270618599,0.0455940134727583,0.00215538107389847,0.000308732081495933,0.735337155225387,0.326792233395591
713_LMSim.mat,/home/danny/cisc1/projects/colour_arctic/hyperspectralOutputs,13-Jun-2025 20:58:03,11582991,0,739781.873645833,0.488532536813924,3.07987107305093,93.7649078324029,0.0478729992289151,0.00227181025572326,0.0003416744981577,0.735250527751095,0.331574635150143
714_LMSim.mat,/home/danny/cisc1/projects/colour_arctic/hyperspectralOutputs,13-Jun-2025 20:57:23,11726456,0,739781.87318287,0.162410336753253,1.4534842722549,91.8711603146546,0.152553638375691,0.012914374722411,0.00618936117527093,0.74081208413688,0.370608224734986
715_LMSim.mat,/home/danny/cisc1/projects/colour_arctic/hyperspectralOutputs,13-Jun-2025 20:56:40,11658664,0,739781.872685185,0.51069898328437,3.24114890065931,93.3547484285208,0.183042064010302,0.00728085280184966,0.00418680783240346,0.715593569519974,0.65146005531714
716_LMSim.mat,/home/danny/cisc1/projects/colour_arctic/hyperspectralOutputs,13-Jun-2025 20:55:56,11694019,0,739781.872175926,0.546477217288081,3.51946959208198,93.7228505695229,0.173191631646516,0.0069258389706843,0.00376833206858444,0.715464663803635,0.645410718602789
717_LMSim.mat,/home/danny/cisc1/projects/colour_arctic/hyperspectralOutputs,13-Jun-2025 20:54:51,11723964,0,739781.871423611,0.511994210008577,3.25082963367401,93.7619219113308,0.16761036333391,0.00744200578701984,0.00391868851090361,0.715389782266421,0.65823230389123
718_LMSim.mat,/home/danny/cisc1/projects/colour_arctic/hyperspectralOutputs,13-Jun-2025 20:53:39,11697232,0,739781.870590278,0.559427407014538,3.62599672090572,94.1296533051796,0.131128601984604,0.00561235141247594,0.00231202305208755,0.71329997456765,0.643665322854004
719_LMSim.mat,/home/danny/cisc1/projects/colour_arctic/hyperspectralOutputs,13-Jun-2025 20:52:43,11413650,0,739781.86994213,0.376897292901597,2.38175613687325,96.7919423809547,0.0556158161956496,0.0065652706144561,0.00114709878523052,0.726407455172856,0.477498596687119
720_LMSim.mat,/home/danny/cisc1/projects/colour_arctic/hyperspectralOutputs,13-Jun-2025 20:51:57,11530161,0,739781.869409722,0.545773085742662,3.5137680190826,93.4518352921813,0.096227742994878,0.0035769634721208,0.00108134599846693,0.724876929742306,0.49702473651371
721_LMSim.mat,/home/danny/cisc1/projects/colour_arctic/hyperspectralOutputs,13-Jun-2025 20:51:11,11527633,0,739781.868877315,0.508421896124318,3.2241994245057,92.6164662992064,0.109039301792478,0.00340942055676467,0.00116792111449497,0.701276623896499,0.711978610710017
722_LMSim.mat,/home/danny/cisc1/projects/colour_arctic/hyperspectralOutputs,13-Jun-2025 20:49:10,11739103,0,739781.867476852,0.423165068801538,2.64950698501202,93.4025819560232,0.164547426676439,0.00855826583453723,0.00442411838592055,0.700200931268674,0.691813221653813
723_LMSim.mat,/home/danny/cisc1/projects/colour_arctic/hyperspectralOutputs,13-Jun-2025 20:48:09,11771186,0,739781.866770833,0.323902428819646,2.10815446620881,93.1082078721606,0.14840315347662,0.00979292495574723,0.00456567957287274,0.698710395418185,0.833091217529612
724_LMSim.mat,/home/danny/cisc1/projects/colour_arctic/hyperspectralOutputs,13-Jun-2025 20:47:26,11772362,0,739781.866273148,0.31971688041505,2.08793454807616,93.2023687545375,0.142148964838333,0.00980823796695429,0.00438010547082275,0.699274087559791,0.824297199562762
725_LMSim.mat,/home/danny/cisc1/projects/colour_arctic/hyperspectralOutputs,13-Jun-2025 20:46:43,11777481,0,739781.865775463,0.317876585108597,2.07910577682002,93.1756120735293,0.142866797749504,0.00984233638943817,0.00441752877735171,0.699320377308881,0.825563068984221
726_LMSim.mat,/home/danny/cisc1/projects/colour_arctic/hyperspectralOutputs,13-Jun-2025 20:45:56,11604884,0,739781.865231481,0.202439067553204,1.59381924876734,91.5727112043609,0.156095105113444,0.00883444350037463,0.00433229832520354,0.697072348246068,0.957937127358881
727_LMSim.mat,/home/danny/cisc1/projects/colour_arctic/hyperspectralOutputs,13-Jun-2025 20:45:12,11638810,0,739781.864722222,0.217083540488573,1.64847946102747,91.5651994653601,0.157781958912226,0.00824747054046487,0.00408816098534261,0.696428088214006,0.946368166043832
728_LMSim.mat,/home/danny/cisc1/projects/colour_arctic/hyperspectralOutputs,13-Jun-2025 20:44:25,11692316,0,739781.864178241,0.160177013167833,1.44602903456018,91.2412885607648,0.165903134399065,0.00949350655087578,0.00494801626211178,0.696725804629982,0.946968437880004
729_LMSim.mat,/home/danny/cisc1/projects/colour_arctic/hyperspectralOutputs,13-Jun-2025 20:43:44,11732066,0,739781.863703704,0.0618170280428225,1.15296740051312,90.4750888359657,0.199426615251676,0.0115390398073276,0.00722940678851865,0.698969773621705,0.981302455676934
730_LMSim.mat,/home/danny/cisc1/projects/colour_arctic/hyperspectralOutputs,13-Jun-2025 20:43:02,11663940,0,739781.863217593,0.23929644420087,1.73498787555801,91.6503380956355,0.181841280454245,0.00901415192297095,0.00514952566360348,0.699563095948789,0.853468450875453
731_LMSim.mat,/home/danny/cisc1/projects/colour_arctic/hyperspectralOutputs,13-Jun-2025 20:42:19,11695097,0,739781.862719907,0.265520187636927,1.84297815551873,91.7703103253196,0.179469680009533,0.00850404505000152,0.00479475602284372,0.699073579058929,0.842196692217742
732_LMSim.mat,/home/danny/cisc1/projects/colour_arctic/hyperspectralOutputs,13-Jun-2025 20:41:39,11732225,0,739781.862256944,0.139633267665839,1.37921911541156,90.9813689993162,0.197031605838191,0.010287590613287,0.00636794704381711,0.700561277143062,0.876110154732392
733_LMSim.mat,/home/danny/cisc1/projects/colour_arctic/hyperspectralOutputs,13-Jun-2025 20:40:59,11602760,0,739781.861793982,0.27123610615592,1.86739463244406,92.9134386079976,0.0689245319302859,0.00522358250367424,0.00113107696208058,0.702243426470693,0.595772902579397
734_LMSim.mat,/home/danny/cisc1/projects/colour_arctic/hyperspectralOutputs,13-Jun-2025 20:40:18,11622598,0,739781.861319444,0.414273378413581,2.59581285258487,92.0367231963613,0.155775345064856,0.00500056126275851,0.00244718807060359,0.695007823201012,0.926744866111713
735_LMSim.mat,/home/danny/cisc1/projects/colour_arctic/hyperspectralOutputs,13-Jun-2025 21:27:52,11626978,0,739781.894351852,0.653970213670926,4.50785786086831,92.8444379684039,0.232460288387805,0.00537343718410166,0.00392419717912498,0.694910739959455,0.881354924355616
736_LMSim.mat,/home/danny/cisc1/projects/colour_arctic/hyperspectralOutputs,13-Jun-2025 21:27:06,11637148,0,739781.893819444,0.655649790133771,4.52532515933466,92.8910097098036,0.230616039360511,0.00539466019174958,0.00390844023738165,0.695354891693946,0.877708187074855
737_LMSim.mat,/home/danny/cisc1/projects/colour_arctic/hyperspectralOutputs,13-Jun-2025 21:26:16,11716298,0,739781.893240741,0.524091857740756,3.34265733183339,93.0842958913551,0.112054948483814,0.003951320838054,0.00139098743761767,0.706298110994446,0.692011902880501
738_LMSim.mat,/home/danny/cisc1/projects/colour_arctic/hyperspectralOutputs,13-Jun-2025 21:25:22,11512938,0,739781.892615741,0.339818311708445,2.18684655927735,92.1437904577105,0.0697849819569185,0.0030109228377794,0.000660102639057804,0.700127736936599,0.703762892509334
739_LMSim.mat,/home/danny/cisc1/projects/colour_arctic/hyperspectralOutputs,13-Jun-2025 21:24:13,11527094,0,739781.89181713,0.345914435412426,2.21775943435861,92.1917530376034,0.0710641380068152,0.00306841885651041,0.000685038544344381,0.700262347589827,0.701951314759703
740_LMSim.mat,/home/danny/cisc1/projects/colour_arctic/hyperspectralOutputs,13-Jun-2025 21:22:19,11595885,0,739781.890497685,0.323596173358344,2.1066683634487,95.4786891510514,0.0384163825481434,0.00441528494658337,0.000532874670028527,0.739846471812585,0.33251152983536
743_LMSim.mat,/home/danny/cisc1/projects/colour_arctic/hyperspectralOutputs,13-Jun-2025 21:20:47,11540258,0,739781.88943287,0.167977181121131,1.47223514561737,90.9208904750281,0.0863837707129447,0.00349534599335796,0.000948576151600596,0.719814875572169,0.550992890912832
744_LMSim.mat,/home/danny/cisc1/projects/colour_arctic/hyperspectralOutputs,13-Jun-2025 21:19:34,11841689,0,739781.888587963,0.669213239394243,4.66888567194527,94.3282466031985,0.299817170811078,0.0101183292850094,0.00953048897078481,0.723033135060669,0.696611617579284
745_LMSim.mat,/home/danny/cisc1/projects/colour_arctic/hyperspectralOutputs,13-Jun-2025 21:18:14,11850572,0,739781.887662037,0.657815863696624,4.54795190876792,94.2282321659942,0.307812282998804,0.0104467009097378,0.0101021771437391,0.722479648083264,0.714080640281016
746_LMSim.mat,/home/danny/cisc1/projects/colour_arctic/hyperspectralOutputs,13-Jun-2025 21:16:30,11879755,0,739781.886458333,0.470489708122353,2.95453887121194,93.4279568168557,0.330495276449319,0.0150493999311665,0.0156255140243285,0.721433299229671,0.786103936489573
747_LMSim.mat,/home/danny/cisc1/projects/colour_arctic/hyperspectralOutputs,13-Jun-2025 21:14:37,11497960,0,739781.885150463,-0.142586848588801,0.720133727184399,86.2102937895294,0.0523412024468156,0.00995387016750544,0.00163676202399161,0.748216172461898,0.178061160788829
748_LMSim.mat,/home/danny/cisc1/projects/colour_arctic/hyperspectralOutputs,13-Jun-2025 21:13:07,11719894,0,739781.884108796,0.298146433373725,1.98676469242329,92.7193983010921,0.0739466008184605,0.00470560630860552,0.00109315986218024,0.747846608516978,0.293861949035796
749_LMSim.mat,/home/danny/cisc1/projects/colour_arctic/hyperspectralOutputs,13-Jun-2025 21:12:11,11733081,0,739781.883460648,0.286308830759908,1.9333426458668,92.629609012597,0.0749759581321671,0.00483289333902836,0.001138358638459,0.747935557589579,0.297146283043727
750_LMSim.mat,/home/danny/cisc1/projects/colour_arctic/hyperspectralOutputs,13-Jun-2025 21:11:24,11775925,0,739781.882916667,0.347981382427552,2.22833962154589,91.6564074573569,0.334299231836629,0.0108441218762759,0.0113888439239008,0.732819513837845,0.72997687857559
751_LMSim.mat,/home/danny/cisc1/projects/colour_arctic/hyperspectralOutputs,13-Jun-2025 21:10:40,11701719,0,739781.882407407,0.440811978122126,2.75938296033109,93.5967939468859,0.159282466161416,0.00829858205188233,0.00415261564984339,0.743594773559437,0.35445411028837
752_LMSim.mat,/home/danny/cisc1/projects/colour_arctic/hyperspectralOutputs,13-Jun-2025 21:09:56,11716192,0,739781.881898148,0.465364776898705,2.9198784774177,93.577075746685,0.172001511873008,0.00829175853208693,0.00448052374591152,0.743062213491743,0.366113578659393
753_LMSim.mat,/home/danny/cisc1/projects/colour_arctic/hyperspectralOutputs,13-Jun-2025 21:08:19,11773275,0,739781.880775463,0.238811079172651,1.73304994614591,91.4360523925938,0.291409876318839,0.0126071335832764,0.011541718927688,0.726447748711847,0.908170099963106
754_LMSim.mat,/home/danny/cisc1/projects/colour_arctic/hyperspectralOutputs,13-Jun-2025 21:25:46,11599667,0,739781.892893519,-0.0284435363530532,0.936604982195249,89.4639027658304,0.0779304301618697,0.0109069063938506,0.00267029063155535,0.743650478164873,0.258802915872585
755_LMSim.mat,/home/danny/cisc1/projects/colour_arctic/hyperspectralOutputs,13-Jun-2025 21:24:59,11762665,0,739781.892349537,0.231100853161295,1.70255383462618,95.6612167236202,0.100024222665299,0.0170948222533005,0.00537179767800413,0.754040197303902,0.24567021046513
756_LMSim.mat,/home/danny/cisc1/projects/colour_arctic/hyperspectralOutputs,13-Jun-2025 21:23:39,11810141,0,739781.891423611,0.368063597905457,2.33379979794192,94.6456667100571,0.2142542802273,0.018027177836832,0.0121340875027986,0.75878961225462,0.344349174352417
757_LMSim.mat,/home/danny/cisc1/projects/colour_arctic/hyperspectralOutputs,13-Jun-2025 21:22:06,11822504,0,739781.890347222,0.368718993625091,2.33732440434911,94.0378030186722,0.253436953148038,0.0185453742028039,0.0147657466417334,0.755017744698471,0.399609738680579
758_LMSim.mat,/home/danny/cisc1/projects/colour_arctic/hyperspectralOutputs,13-Jun-2025 21:20:13,11716770,0,739781.889039352,1.08485714666201,12.1578602397967,94.2262123099857,0.42217985151297,0.00513814559516229,0.00681481046795115,0.713188539710953,0.795655134956619
759_LMSim.mat,/home/danny/cisc1/projects/colour_arctic/hyperspectralOutputs,13-Jun-2025 21:18:54,11666377,0,739781.888125,0.231291145055468,1.70329999465479,91.5446118075346,0.195872477929494,0.00943489677063971,0.00580577823588908,0.744975154407277,0.294442425355459
760_LMSim.mat,/home/danny/cisc1/projects/colour_arctic/hyperspectralOutputs,13-Jun-2025 21:17:22,11811410,0,739781.887060185,0.578651466766627,3.79010696410839,93.2448898569509,0.20846527717338,0.00667500997627408,0.00437155069709523,0.684862005115439,1.24227039186772
761_LMSim.mat,/home/danny/cisc1/projects/colour_arctic/hyperspectralOutputs,13-Jun-2025 21:15:22,11815813,0,739781.885671296,0.662069933832566,4.59271962804034,93.2611562340163,0.2555793193164,0.00663128039619494,0.00532442818592543,0.688873713932224,1.17196283758011
762_LMSim.mat,/home/danny/cisc1/projects/colour_arctic/hyperspectralOutputs,13-Jun-2025 21:13:38,11795544,0,739781.884467593,0.150956483084924,1.41565192254557,91.3130755161839,0.254740974547385,0.0163883395049056,0.0131154631316809,0.707080253838821,1.16335744198462
763_LMSim.mat,/home/danny/cisc1/projects/colour_arctic/hyperspectralOutputs,13-Jun-2025 21:12:28,11736979,0,739781.883657407,0.890230622994864,7.7665943588025,93.6293293000101,0.319032827820243,0.00527615497014441,0.00528813811070602,0.691553267754474,1.13604913463368
764_LMSim.mat,/home/danny/cisc1/projects/colour_arctic/hyperspectralOutputs,13-Jun-2025 21:11:44,11648461,0,739781.883148148,0.394772670794502,2.48183366220817,96.425358395595,0.0355868224876744,0.00376464662685293,0.000420884857975422,0.755176133281045,0.204053325013393
765_LMSim.mat,/home/danny/cisc1/projects/colour_arctic/hyperspectralOutputs,13-Jun-2025 21:11:01,11660339,0,739781.882650463,0.363462873150659,2.30920704161329,92.7497524250311,0.196254529446605,0.00999897249119451,0.00616488436704062,0.681598918655465,1.40148015806936
766_LMSim.mat,/home/danny/cisc1/projects/colour_arctic/hyperspectralOutputs,13-Jun-2025 21:10:21,11663555,0,739781.8821875,0.40767355150397,2.55666338337169,93.6239455283788,0.192932886598825,0.0112022653553446,0.00678987830809855,0.683147215897113,1.3541513274327
767_LMSim.mat,/home/danny/cisc1/projects/colour_arctic/hyperspectralOutputs,13-Jun-2025 21:09:32,11658010,0,739781.88162037,0.405763831824425,2.54544566961824,93.7505172689343,0.190173147544333,0.0114909822007866,0.00686524782405825,0.682569209540668,1.36058312900485
768_LMSim.mat,/home/danny/cisc1/projects/colour_arctic/hyperspectralOutputs,13-Jun-2025 21:07:52,11653215,0,739781.880462963,0.288241764542362,1.94196663739542,92.45242333781,0.188330162725391,0.0112437160925903,0.00665241946061635,0.677912802708109,1.38083592792604
769_LMSim.mat,/home/danny/cisc1/projects/colour_arctic/hyperspectralOutputs,13-Jun-2025 21:06:51,11652806,0,739781.879756944,0.347413110361074,2.22542575756655,93.4976327255711,0.204186191500967,0.0139360507934358,0.00893955626132416,0.679902075414946,1.35465168304136
770_LMSim.mat,/home/danny/cisc1/projects/colour_arctic/hyperspectralOutputs,13-Jun-2025 21:25:57,11696498,0,739781.893020833,0.306995922677786,2.02766368295202,92.5737948695524,0.202958506077727,0.0118267179474929,0.00754086853915637,0.673946289244508,1.48631725556325
771_LMSim.mat,/home/danny/cisc1/projects/colour_arctic/hyperspectralOutputs,13-Jun-2025 21:25:09,11513079,0,739781.892465278,0.618452475181973,4.15386593025733,93.176873772535,0.155870827701249,0.00440464462981798,0.0021568780423715,0.667087242223372,1.52711878744268
772_LMSim.mat,/home/danny/cisc1/projects/colour_arctic/hyperspectralOutputs,13-Jun-2025 21:23:47,11645334,0,739781.891516204,0.33521591113373,2.16379399468352,92.1319303841616,0.16109136623461,0.00702516581404687,0.00355532017109909,0.673126957988547,1.39808252773617
773_LMSim.mat,/home/danny/cisc1/projects/colour_arctic/hyperspectralOutputs,13-Jun-2025 21:22:29,11647338,0,739781.890613426,0.336071861746517,2.1680628196963,92.133346394288,0.157875315737991,0.00686863685607563,0.0034067060415347,0.672395201837821,1.41302636275134
774_LMSim.mat,/home/danny/cisc1/projects/colour_arctic/hyperspectralOutputs,13-Jun-2025 21:21:23,11794741,0,739781.889849537,0.44184810286389,2.7659740599638,97.1325798731657,0.104093737938442,0.0105579111757987,0.00345264940491473,0.76434932593224,0.195724281723294
775_LMSim.mat,/home/danny/cisc1/projects/colour_arctic/hyperspectralOutputs,13-Jun-2025 21:19:49,11784536,0,739781.888761574,0.30103986831312,2.00004546574625,91.870701731109,0.280314251162038,0.0121708579670977,0.0107180615027352,0.745834119190633,0.566965880522991
776_LMSim.mat,/home/danny/cisc1/projects/colour_arctic/hyperspectralOutputs,13-Jun-2025 21:18:33,11803993,0,739781.887881944,0.414966826753936,2.59996095958548,97.2290881742383,0.0957547614770551,0.0106580545266791,0.00320618213039837,0.765231349439669,0.188645525423479
777_LMSim.mat,/home/danny/cisc1/projects/colour_arctic/hyperspectralOutputs,13-Jun-2025 21:17:25,11591615,0,739781.887094907,0.670726394145618,4.68518122374145,100.921121645963,0.0798020424229021,0.00659425327417388,0.00165321563160354,0.761707287566016,0.208165810716832
778_LMSim.mat,/home/danny/cisc1/projects/colour_arctic/hyperspectralOutputs,13-Jun-2025 21:15:22,11605472,0,739781.885671296,0.665689954777025,4.63116180499684,100.335266609425,0.08597618828228,0.0068303316662418,0.00184488734675413,0.760624595355932,0.218776196975711
779_LMSim.mat,/home/danny/cisc1/projects/colour_arctic/hyperspectralOutputs,13-Jun-2025 21:13:54,11699089,0,739781.884652778,0.72419319262411,5.29899113093025,93.5627995680249,0.283768369479045,0.00688402798714658,0.00613700510776086,0.741651924331525,0.426256912942678
780_LMSim.mat,/home/danny/cisc1/projects/colour_arctic/hyperspectralOutputs,13-Jun-2025 21:12:38,11722176,0,739781.883773148,0.701098098025963,5.02456071006467,93.4870948659644,0.289202323079785,0.00727242825137974,0.00660740754849097,0.742162998360117,0.389861232048656
781_LMSim.mat,/home/danny/cisc1/projects/colour_arctic/hyperspectralOutputs,13-Jun-2025 21:11:49,11772760,0,739781.883206018,0.469610900363301,2.94856631907309,92.1642020561452,0.385388621702769,0.0111374124662807,0.0134844446434718,0.73566504599407,0.616503520574843
782_LMSim.mat,/home/danny/cisc1/projects/colour_arctic/hyperspectralOutputs,13-Jun-2025 21:11:05,11649526,0,739781.882696759,0.609652269850902,4.07054227821045,94.5068243876781,0.272670054751993,0.0111500941305069,0.00955137401952933,0.750557533228053,0.323009120481223
783_LMSim.mat,/home/danny/cisc1/projects/colour_arctic/hyperspectralOutputs,13-Jun-2025 21:10:24,11674263,0,739781.882222222,0.618457032222536,4.15390951689184,94.4199129474904,0.279999356682836,0.0109788431177311,0.00965747261871574,0.750047596959838,0.327302233974068
784_LMSim.mat,/home/danny/cisc1/projects/colour_arctic/hyperspectralOutputs,13-Jun-2025 21:09:35,11821558,0,739781.881655093,0.602721318297025,4.00609568644303,95.171359008347,0.370100715060169,0.0176482446918048,0.0205197144779301,0.733738350975732,0.66720103159835
785_LMSim.mat,/home/danny/cisc1/projects/colour_arctic/hyperspectralOutputs,13-Jun-2025 21:08:15,11828870,0,739781.880729167,0.552103872233477,3.56536397699718,95.0242885470138,0.360933219253251,0.0191178672462702,0.0216778481283752,0.733336217171852,0.684383205620384
786_LMSim.mat,/home/danny/cisc1/projects/colour_arctic/hyperspectralOutputs,13-Jun-2025 21:07:03,11839998,0,739781.879895833,0.394790594473342,2.48193609157188,93.9051982602443,0.322605890037173,0.0209977818896414,0.0212811741304288,0.7281999958699,0.776433341405459
787_LMSim.mat,/home/danny/cisc1/projects/colour_arctic/hyperspectralOutputs,13-Jun-2025 21:25:42,11770953,0,739781.892847222,0.17221887806251,1.48668472084891,91.014610551055,0.309928175013444,0.0134557545416921,0.0131014386594565,0.717310953958373,1.09054725572626
788_LMSim.mat,/home/danny/cisc1/projects/colour_arctic/hyperspectralOutputs,13-Jun-2025 21:24:58,11655286,0,739781.892337963,0.42671135088052,2.67123041419331,102.278749333694,0.0714467141348532,0.0125302571157884,0.00281249730858511,0.753265312657888,0.268187863871539
789_LMSim.mat,/home/danny/cisc1/projects/colour_arctic/hyperspectralOutputs,13-Jun-2025 21:23:06,11664742,0,739781.891041667,0.425137498320078,2.66156758292738,102.289751405989,0.0716913750170872,0.0126401233109407,0.00284687299980262,0.75340944820694,0.268296993601587
790_LMSim.mat,/home/danny/cisc1/projects/colour_arctic/hyperspectralOutputs,13-Jun-2025 21:22:01,11666898,0,739781.890289352,0.507704432806476,3.21887737874912,94.7676037025683,0.16506234747494,0.00937175529051347,0.00485980484853572,0.756082637096752,0.243390880873307
791_LMSim.mat,/home/danny/cisc1/projects/colour_arctic/hyperspectralOutputs,13-Jun-2025 21:20:13,11680118,0,739781.889039352,0.498823629067623,3.15372360748418,94.8702360628751,0.156282194378251,0.00928821496723647,0.00456028128544675,0.756720396259644,0.240954953757004
792_LMSim.mat,/home/danny/cisc1/projects/colour_arctic/hyperspectralOutputs,13-Jun-2025 21:18:52,11751906,0,739781.888101852,0.378698844649615,2.39165672081403,92.3555549276156,0.254852600970158,0.0105877774067799,0.00847703049051057,0.744992235192322,0.520419192204869
793_LMSim.mat,/home/danny/cisc1/projects/colour_arctic/hyperspectralOutputs,13-Jun-2025 21:17:22,11691501,0,739781.887060185,0.522724768112147,3.33215172437235,96.3991280231202,0.110820936405393,0.00805372836811707,0.00280393967655177,0.748676597632194,0.301743800899041
794_LMSim.mat,/home/danny/cisc1/projects/colour_arctic/hyperspectralOutputs,13-Jun-2025 21:15:23,11708234,0,739781.88568287,0.525651223064972,3.35468095440196,96.4077783680288,0.107746621849961,0.0077783007908218,0.0026329236706774,0.748732252224446,0.303504714578873
795_LMSim.mat,/home/danny/cisc1/projects/colour_arctic/hyperspectralOutputs,13-Jun-2025 21:13:54,11750046,0,739781.884652778,0.25834791942091,1.81279176405682,91.9782241134615,0.194377571802548,0.0106028035693589,0.00647465662100546,0.740012954873301,0.546936368467504
796_LMSim.mat,/home/danny/cisc1/projects/colour_arctic/hyperspectralOutputs,13-Jun-2025 21:12:33,11738887,0,739781.883715278,0.607535579719486,4.05075129691511,92.6540333393919,0.318965153076915,0.00775267726094894,0.00776863678015545,0.690602236485969,1.2139096648181
797_LMSim.mat,/home/danny/cisc1/projects/colour_arctic/hyperspectralOutputs,13-Jun-2025 21:11:46,11793139,0,739781.883171296,0.675227726615541,4.73399425571775,92.3816366246938,0.32743827628469,0.00600983337336431,0.00618218147141175,0.707806060691494,0.825338122058543
798_LMSim.mat,/home/danny/cisc1/projects/colour_arctic/hyperspectralOutputs,13-Jun-2025 21:11:01,11792759,0,739781.882650463,0.450891150307291,2.8241720479224,92.0713604091414,0.311077595751622,0.00909013277917157,0.00888359668595081,0.710047225088906,0.824057305928151
799_LMSim.mat,/home/danny/cisc1/projects/colour_arctic/hyperspectralOutputs,13-Jun-2025 21:10:15,11789320,0,739781.882118056,0.227186294796453,1.6872766437261,91.3423941922668,0.315373965217492,0.0134711149184747,0.0133468645246124,0.712892616163458,0.955130271599813
800_LMSim.mat,/home/danny/cisc1/projects/colour_arctic/hyperspectralOutputs,13-Jun-2025 21:09:27,11741304,0,739781.8815625,0.70787578115617,5.10359003939659,93.0078876228252,0.38063744754038,0.00812476464987503,0.00971565701358422,0.739104383703514,0.528563179430063
801_LMSim.mat,/home/danny/cisc1/projects/colour_arctic/hyperspectralOutputs,13-Jun-2025 21:07:52,11759315,0,739781.880462963,0.536079065934509,3.43620500393981,92.5684556104117,0.359213796707681,0.0102176860958221,0.0115306937527172,0.739145584801579,0.553010185598337
802_LMSim.mat,/home/danny/cisc1/projects/colour_arctic/hyperspectralOutputs,13-Jun-2025 21:06:40,11728267,0,739781.87962963,0.654623007484201,4.514638776954,93.1263663184962,0.304463886862398,0.00771909928546162,0.00738333012431608,0.742882405136144,0.443206284021825
803_LMSim.mat,/home/danny/cisc1/projects/colour_arctic/hyperspectralOutputs,13-Jun-2025 21:26:41,11691250,0,739781.893530093,0.282680215163859,1.91725648387787,91.7430694320462,0.173562546591462,0.0075474951888765,0.00411536852051101,0.750580774867549,0.277097444753247
804_LMSim.mat,/home/danny/cisc1/projects/colour_arctic/hyperspectralOutputs,13-Jun-2025 21:25:57,11770131,0,739781.893020833,0.124908797529994,1.33324142013429,90.8170807984031,0.290071396177062,0.0141505647973441,0.0128952139585434,0.719007441929496,1.11072993194384
805_LMSim.mat,/home/danny/cisc1/projects/colour_arctic/hyperspectralOutputs,13-Jun-2025 21:25:02,11542371,0,739781.892384259,0.366448859718919,2.32513867339924,92.7451104505786,0.0605561239965059,0.00304954767192885,0.000580154104443844,0.750260250707135,0.247281078604944
806_LMSim.mat,/home/danny/cisc1/projects/colour_arctic/hyperspectralOutputs,13-Jun-2025 21:23:49,11526344,0,739781.891539352,0.365952775337547,2.32248423846803,92.7548106112399,0.0595468037191333,0.00301420762819185,0.000563873249921681,0.750360296436201,0.246138498713731
807_LMSim.mat,/home/danny/cisc1/projects/colour_arctic/hyperspectralOutputs,13-Jun-2025 21:22:43,11549390,0,739781.890775463,0.329427531330278,2.13514577462571,92.5227434891516,0.0613758387017664,0.00322946466327917,0.000622698542740299,0.750661249045472,0.254670384739065
808_LMSim.mat,/home/danny/cisc1/projects/colour_arctic/hyperspectralOutputs,13-Jun-2025 21:21:40,11762422,0,739781.890046296,-0.0268837421259766,0.939974902198682,89.3274651677275,0.0736790779975686,0.0134927171281733,0.00312315451337193,0.762582802455098,0.290718132914637
809_LMSim.mat,/home/danny/cisc1/projects/colour_arctic/hyperspectralOutputs,13-Jun-2025 21:20:11,11712032,0,739781.889016204,-0.227218998788337,0.592626409444557,83.7976084183205,0.0468073117792487,0.00885575531144362,0.00130223445106616,0.762083914692371,0.277659615831124
810_LMSim.mat,/home/danny/cisc1/projects/colour_arctic/hyperspectralOutputs,13-Jun-2025 21:19:15,11823793,0,739781.888368056,0.179786558817669,1.51281756657244,92.9828124389211,0.158129015748663,0.0190150218457203,0.00944622463647559,0.75966112115719,0.347524717135101
811_LMSim.mat,/home/danny/cisc1/projects/colour_arctic/hyperspectralOutputs,13-Jun-2025 21:18:06,11590157,0,739781.887569444,0.288185523863732,1.94171517104104,92.8721634301326,0.0792237981226303,0.00553079911572506,0.00137655452004412,0.749916654315302,0.262920760082006
812_LMSim.mat,/home/danny/cisc1/projects/colour_arctic/hyperspectralOutputs,13-Jun-2025 21:16:30,11760461,0,739781.886458333,0.136310617157229,1.36870740584765,91.5654766576928,0.154592949429427,0.0131370323385047,0.00638023719686347,0.747419740109933,0.363604898768306
813_LMSim.mat,/home/danny/cisc1/projects/colour_arctic/hyperspectralOutputs,13-Jun-2025 21:14:38,11771520,0,739781.885162037,0.18063968140754,1.51579224703085,91.5843640176567,0.192909770573525,0.0124046856708091,0.00751778430598534,0.748097291423946,0.336325341860569
814_LMSim.mat,/home/danny/cisc1/projects/colour_arctic/hyperspectralOutputs,13-Jun-2025 21:12:44,11784240,0,739781.883842593,0.237410658473099,1.72747057480744,91.6472665601279,0.25530972691014,0.012742400553676,0.0102204139637064,0.745261086043451,0.413686479626148
815_LMSim.mat,/home/danny/cisc1/projects/colour_arctic/hyperspectralOutputs,13-Jun-2025 21:11:57,11776055,0,739781.883298611,0.106494357519515,1.27789260670524,90.6801425121025,0.317170487965618,0.0151652424104654,0.0151109580450384,0.718584841244703,1.14910843025215
816_LMSim.mat,/home/danny/cisc1/projects/colour_arctic/hyperspectralOutputs,13-Jun-2025 21:11:14,11776880,0,739781.882800926,0.456524235099746,2.8610420119855,96.4844079075253,0.106204914543933,0.00941551780750067,0.00314151180197749,0.775364508380096,0.198302204127212
817_LMSim.mat,/home/danny/cisc1/projects/colour_arctic/hyperspectralOutputs,13-Jun-2025 21:10:28,11795312,0,739781.882268519,0.452489902844416,2.83458772980625,95.7937606555691,0.212240960387927,0.0170666390803653,0.0113796021620246,0.764440200028636,0.308176315342028
818_LMSim.mat,/home/danny/cisc1/projects/colour_arctic/hyperspectralOutputs,13-Jun-2025 21:09:39,11753238,0,739781.881701389,0.356855684380084,2.27434154377926,99.4185488434392,0.118239325762575,0.0202013843174652,0.00750400212134342,0.754377822791159,0.269489654048171
819_LMSim.mat,/home/danny/cisc1/projects/colour_arctic/hyperspectralOutputs,13-Jun-2025 21:08:15,11760440,0,739781.880729167,0.370696484535781,2.34799130619751,92.2670177577422,0.282981830242256,0.0116187604396336,0.0103292364989739,0.74587740388978,0.403252103852337
820_LMSim.mat,/home/danny/cisc1/projects/colour_arctic/hyperspectralOutputs,13-Jun-2025 21:25:22,11767770,0,739781.892615741,0.350441438283556,2.2409978417843,98.1344771438514,0.0926959198694194,0.0141326427091288,0.00411560674980773,0.753514847383626,0.241415812275206
821_LMSim.mat,/home/danny/cisc1/projects/colour_arctic/hyperspectralOutputs,13-Jun-2025 21:24:32,11688151,0,739781.892037037,0.21107052020786,1.62581273180473,94.6845116469644,0.0476750006703538,0.00748921194815386,0.00112169995386979,0.750516230994116,0.23574637402491
822_LMSim.mat,/home/danny/cisc1/projects/colour_arctic/hyperspectralOutputs,13-Jun-2025 21:23:05,11718637,0,739781.891030093,0.185561354537863,1.53306777374944,93.7343927503273,0.053101970191921,0.00767318023761509,0.00128007644732658,0.75024237560343,0.246673237034286
823_LMSim.mat,/home/danny/cisc1/projects/colour_arctic/hyperspectralOutputs,13-Jun-2025 21:22:03,11814808,0,739781.8903125,0.280793912705469,1.90894718415174,95.6057202671719,0.099412749971403,0.0136902099605864,0.00427564923032886,0.749765502116207,0.263650504575588
824_LMSim.mat,/home/danny/cisc1/projects/colour_arctic/hyperspectralOutputs,13-Jun-2025 21:20:33,11763123,0,739781.889270833,0.253909915380413,1.79436138832684,96.2254978922817,0.0680421825396493,0.0115190477993425,0.00246232111243084,0.75186865028621,0.239972745960945
825_LMSim.mat,/home/danny/cisc1/projects/colour_arctic/hyperspectralOutputs,13-Jun-2025 21:19:15,11566818,0,739781.888368056,0.194044514284218,1.5633078702457,96.2644347404851,0.0400732831639697,0.00894310913599762,0.00112588317337461,0.74901225999754,0.237800041127551
826_LMSim.mat,/home/danny/cisc1/projects/colour_arctic/hyperspectralOutputs,13-Jun-2025 21:18:06,11673749,0,739781.887569444,0.207125405441042,1.61111078704997,93.7505955102231,0.0570415483992004,0.00739233707795729,0.00132471648389844,0.745355806592624,0.264447071681174
827_LMSim.mat,/home/danny/cisc1/projects/colour_arctic/hyperspectralOutputs,13-Jun-2025 21:16:30,11682050,0,739781.886458333,0.207204485835804,1.61140417985787,93.6774945465484,0.0580042599620151,0.00737315288544088,0.00134357836583139,0.745305545714356,0.266243684880765
828_LMSim.mat,/home/danny/cisc1/projects/colour_arctic/hyperspectralOutputs,13-Jun-2025 21:14:38,11696733,0,739781.885162037,0.205719488375535,1.60590366175577,93.4280778900919,0.061883947607885,0.00740613100611979,0.00143985670270768,0.745217216818962,0.270619755128818
829_LMSim.mat,/home/danny/cisc1/projects/colour_arctic/hyperspectralOutputs,13-Jun-2025 21:13:07,11749820,0,739781.884108796,0.444115553574054,2.78045296985553,96.6708952835263,0.0923561696356539,0.00872515531849447,0.00253156423871493,0.75292425146602,0.26318233596196
830_LMSim.mat,/home/danny/cisc1/projects/colour_arctic/hyperspectralOutputs,13-Jun-2025 21:12:13,11756809,0,739781.883483796,0.426923863945951,2.67253784566956,96.2562078259389,0.0964479034572088,0.00901211946507669,0.00273067242281843,0.752877921676613,0.266361908765763
831_LMSim.mat,/home/danny/cisc1/projects/colour_arctic/hyperspectralOutputs,13-Jun-2025 21:11:29,11775973,0,739781.882974537,0.835438998439974,6.84603316077459,93.0394702809288,0.319525541340132,0.00504911054960714,0.00506839357392082,0.722838976041672,0.831065403077373
832_LMSim.mat,/home/danny/cisc1/projects/colour_arctic/hyperspectralOutputs,13-Jun-2025 21:10:41,11800764,0,739781.882418982,0.575649294880789,3.76399722767163,93.1409705511355,0.206639211565801,0.00645697992597109,0.00419171787906227,0.737220049523396,0.588134746903586
833_LMSim.mat,/home/danny/cisc1/projects/colour_arctic/hyperspectralOutputs,13-Jun-2025 21:09:59,11747757,0,739781.88193287,0.3708786496255,2.34897637918706,92.9772183809035,0.283866255997121,0.0152670094081724,0.0136149990593393,0.733710964531462,0.689697454836541
834_LMSim.mat,/home/danny/cisc1/projects/colour_arctic/hyperspectralOutputs,13-Jun-2025 21:09:18,11816739,0,739781.881458333,0.347080516655884,2.22372212262788,92.143729777151,0.325898114675719,0.0137095987499089,0.0140364235591983,0.731589757251729,0.687465417600332
835_LMSim.mat,/home/danny/cisc1/projects/colour_arctic/hyperspectralOutputs,13-Jun-2025 21:07:25,11564479,0,739781.880150463,0.637830712394145,4.34340885475752,97.1413223110134,0.074899150011509,0.00447635459674058,0.00105329796213868,0.761474881392781,0.210494537881008
836_LMSim.mat,/home/danny/cisc1/projects/colour_arctic/hyperspectralOutputs,13-Jun-2025 21:28:19,11835486,0,739781.894664352,0.364515090267709,2.31480861640593,93.3742608463701,0.17047064910745,0.0105984692589548,0.00567600320486487,0.756951957028392,0.292962747022241
837_LMSim.mat,/home/danny/cisc1/projects/colour_arctic/hyperspectralOutputs,13-Jun-2025 21:27:37,11782988,0,739781.894178241,0.507372031554183,3.21641464998565,96.2884624833153,0.195967213833705,0.0146049712581649,0.00899153827704667,0.757515936339239,0.325552372096091
838_LMSim.mat,/home/danny/cisc1/projects/colour_arctic/hyperspectralOutputs,13-Jun-2025 21:26:50,11830958,0,739781.893634259,0.506822814348684,3.21234968064221,95.8701143516156,0.2322719139542,0.0162117929496577,0.0118298059233762,0.757528308472245,0.356496552507222
839_LMSim.mat,/home/danny/cisc1/projects/colour_arctic/hyperspectralOutputs,13-Jun-2025 21:26:06,11814856,0,739781.893125,0.455558720189436,2.85468846507681,93.4358157358473,0.401962990168082,0.0191598575627902,0.0241951443276469,0.741358425379812,0.772404158673376
840_LMSim.mat,/home/danny/cisc1/projects/colour_arctic/hyperspectralOutputs,13-Jun-2025 21:25:04,11763593,0,739781.892407407,0.330000073465214,2.13796245115973,94.0298158089443,0.17104187277436,0.0142579747546506,0.00766143563193285,0.746164277432332,0.323256843014389
841_LMSim.mat,/home/danny/cisc1/projects/colour_arctic/hyperspectralOutputs,13-Jun-2025 21:23:47,11730416,0,739781.891516204,0.383215495150628,2.41665967366438,95.4801011137414,0.103352459828139,0.00972414521500836,0.00315734562864582,0.747262509614154,0.340760322022832
842_LMSim.mat,/home/danny/cisc1/projects/colour_arctic/hyperspectralOutputs,13-Jun-2025 21:22:19,11854481,0,739781.890497685,0.348835206632589,2.2327248529504,91.0644707766916,0.860275782160524,0.0178974503072636,0.0483702948920357,0.737100466473099,0.600201988200109
843_LMSim.mat,/home/danny/cisc1/projects/colour_arctic/hyperspectralOutputs,13-Jun-2025 21:20:43,11570582,0,739781.889386574,0.396723655367055,2.49300790368228,98.0294152600128,0.0265743648667339,0.00345471763067162,0.000288419966874661,0.759062836555249,0.183690731308349
844_LMSim.mat,/home/danny/cisc1/projects/colour_arctic/hyperspectralOutputs,13-Jun-2025 21:18:50,11601349,0,739781.888078704,0.373418838868186,2.36275580511377,96.0408203800064,0.112620754631566,0.012015238909658,0.00425109408101428,0.760809215448011,0.215351106049985
845_LMSim.mat,/home/danny/cisc1/projects/colour_arctic/hyperspectralOutputs,13-Jun-2025 21:16:32,11678138,0,739781.886481481,0.138976045630378,1.37713350828142,91.2906737781096,0.0850289376812356,0.00585473289515179,0.00156395305358094,0.738251806628496,0.326030745535966
846_LMSim.mat,/home/danny/cisc1/projects/colour_arctic/hyperspectralOutputs,13-Jun-2025 21:14:57,11684154,0,739781.885381944,0.460865762389417,2.88978653001424,93.0395148986164,0.0981617808635328,0.00407957977465156,0.00125807847395423,0.743314104034314,0.314503474485059
847_LMSim.mat,/home/danny/cisc1/projects/colour_arctic/hyperspectralOutputs,13-Jun-2025 21:13:06,11805317,0,739781.884097222,0.198142985776305,1.57813076308356,92.787728267472,0.14334402769316,0.0145928230304384,0.00657156475306188,0.743515356449521,0.394265451311609
848_LMSim.mat,/home/danny/cisc1/projects/colour_arctic/hyperspectralOutputs,13-Jun-2025 21:12:03,11821308,0,739781.883368056,0.201391029369809,1.58997768587002,92.2726863801501,0.17863498961686,0.0146316636876173,0.00821126582730685,0.742245097367548,0.427957719109401
849_LMSim.mat,/home/danny/cisc1/projects/colour_arctic/hyperspectralOutputs,13-Jun-2025 21:11:16,11783904,0,739781.882824074,0.159227543154348,1.44287112777357,90.9569046463178,0.309371009661185,0.0137519889226903,0.0133658013229461,0.719270840696807,1.10630733188398
850_LMSim.mat,/home/danny/cisc1/projects/colour_arctic/hyperspectralOutputs,13-Jun-2025 21:10:32,11708079,0,739781.882314815,0.659793805851953,4.56871224989308,93.4891198289302,0.318850500679328,0.00889867254606604,0.00891378596722654,0.729505615014455,0.513637037852567
851_LMSim.mat,/home/danny/cisc1/projects/colour_arctic/hyperspectralOutputs,13-Jun-2025 21:09:39,11699671,0,739781.881701389,0.191417505703125,1.55388010299662,94.7609936172079,0.0930432553564679,0.016383662572645,0.00478901022741292,0.750197228697554,0.290983681638206
852_LMSim.mat,/home/danny/cisc1/projects/colour_arctic/hyperspectralOutputs,13-Jun-2025 21:08:14,11715116,0,739781.880717593,0.179851398456447,1.51304344525938,93.975521254256,0.103942680533199,0.0164505722251642,0.00537186134520892,0.750094402485545,0.299737957899174
853_LMSim.mat,/home/danny/cisc1/projects/colour_arctic/hyperspectralOutputs,13-Jun-2025 21:26:00,11766111,0,739781.893055556,0.110343630860561,1.2892692687297,90.804855190947,0.254286705912724,0.0138657344625759,0.0110768533890686,0.723962037667851,0.99838267271699
854_LMSim.mat,/home/danny/cisc1/projects/colour_arctic/hyperspectralOutputs,13-Jun-2025 21:25:04,11713046,0,739781.892407407,0.301906049274109,2.00403844775144,92.7528785299269,0.0938051482160936,0.00595591400021339,0.00175519335026162,0.744957501289789,0.299016095459315
855_LMSim.mat,/home/danny/cisc1/projects/colour_arctic/hyperspectralOutputs,13-Jun-2025 21:23:51,11729134,0,739781.8915625,0.298556481995542,1.98864142554639,92.5555100729064,0.100853411816524,0.00602546176507842,0.00190910934015821,0.744772533368002,0.306588000710488
856_LMSim.mat,/home/danny/cisc1/projects/colour_arctic/hyperspectralOutputs,13-Jun-2025 21:22:19,11749175,0,739781.890497685,0.606210592961934,4.03841171397985,93.8097617486275,0.379238916152742,0.0132488191616881,0.0157848311889413,0.726963947641996,0.591603177670286
857_LMSim.mat,/home/danny/cisc1/projects/colour_arctic/hyperspectralOutputs,13-Jun-2025 21:20:57,11767482,0,739781.889548611,0.602400398329376,4.00313649340444,93.7155161717955,0.389311286850702,0.0133990346497559,0.016387789536143,0.726258328395706,0.614649886067533
858_LMSim.mat,/home/danny/cisc1/projects/colour_arctic/hyperspectralOutputs,13-Jun-2025 21:19:49,11770679,0,739781.888761574,0.136806978110015,1.37027261406582,90.8864745189419,0.298816402134982,0.0144007791632487,0.0135188670043938,0.716076864573443,1.13501120692657
859_LMSim.mat,/home/danny/cisc1/projects/colour_arctic/hyperspectralOutputs,13-Jun-2025 21:18:33,11724208,0,739781.887881944,0.816690051751759,6.5567715415676,93.1980379159984,0.203492850842381,0.00353864994945418,0.00226222934820159,0.683482062236889,1.36591594979198
860_LMSim.mat,/home/danny/cisc1/projects/colour_arctic/hyperspectralOutputs,13-Jun-2025 21:16:33,11725445,0,739781.886493055,0.817193906525386,6.56438291569589,93.1892860037455,0.197694112280325,0.00342428720325187,0.0021267370201907,0.682913165215063,1.37279608385125
861_LMSim.mat,/home/danny/cisc1/projects/colour_arctic/hyperspectralOutputs,13-Jun-2025 21:14:58,11752638,0,739781.885393518,1.34722856024544,22.2448028082693,93.4054212464686,0.500155955491106,0.00267176321590893,0.00419810487232981,0.710448713908294,0.856852200913582
862_LMSim.mat,/home/danny/cisc1/projects/colour_arctic/hyperspectralOutputs,13-Jun-2025 21:12:44,11740992,0,739781.883842593,0.751178814988974,5.63869773932646,93.595475774048,0.276669925860131,0.00633806673829086,0.00550894750899128,0.735952278038431,0.545223509724622
863_LMSim.mat,/home/danny/cisc1/projects/colour_arctic/hyperspectralOutputs,13-Jun-2025 21:11:59,11765154,0,739781.883321759,0.592941036943031,3.91688694920001,93.3483573315406,0.281931532543738,0.00896984506848185,0.00794471763712931,0.733992118439838,0.586870841008632
864_LMSim.mat,/home/danny/cisc1/projects/colour_arctic/hyperspectralOutputs,13-Jun-2025 21:11:12,11624140,0,739781.882777778,0.55846721029394,3.6179887349248,93.5703592706882,0.12450873457931,0.00462531238486339,0.0018092174232403,0.745924276879407,0.309228515530225
865_LMSim.mat,/home/danny/cisc1/projects/colour_arctic/hyperspectralOutputs,13-Jun-2025 21:10:27,11657970,0,739781.882256944,0.519324620009106,3.30616573082276,93.3161729453562,0.133547469142519,0.00512758105530563,0.00215128559457875,0.74530147089964,0.32936109197469
866_LMSim.mat,/home/danny/cisc1/projects/colour_arctic/hyperspectralOutputs,13-Jun-2025 21:09:39,11777566,0,739781.881701389,0.108609332402018,1.2841310061166,90.7838335702371,0.279548438951235,0.0150881779835276,0.0132508501463199,0.718110393485429,1.10005091828756
867_LMSim.mat,/home/danny/cisc1/projects/colour_arctic/hyperspectralOutputs,13-Jun-2025 21:08:15,11667038,0,739781.880729167,0.245527665892594,1.76006078150877,98.9899307441268,0.0988919174478843,0.0240914467346273,0.00748468541220631,0.768119116725933,0.252773869491133
868_LMSim.mat,/home/danny/cisc1/projects/colour_arctic/hyperspectralOutputs,13-Jun-2025 21:07:05,11778374,0,739781.879918981,0.132724982070177,1.35745356391851,90.8998080033218,0.187581255928801,0.00946521022819304,0.00557788525993008,0.714820041601168,0.5532097222942
869_LMSim.mat,/home/danny/cisc1/projects/colour_arctic/hyperspectralOutputs,13-Jun-2025 21:26:14,11786898,0,739781.893217593,0.133518096078604,1.35993482754312,90.9007356704901,0.188736741073272,0.0094751888241627,0.00561816122385151,0.714833199259153,0.554216022668771
870_LMSim.mat,/home/danny/cisc1/projects/colour_arctic/hyperspectralOutputs,13-Jun-2025 21:25:22,11785410,0,739781.892615741,0.0832859775323069,1.2113955599323,90.490431268793,0.275358696571695,0.0121908699629995,0.010545893196507,0.715942002035618,0.917000683470549
871_LMSim.mat,/home/danny/cisc1/projects/colour_arctic/hyperspectralOutputs,13-Jun-2025 21:24:31,11750840,0,739781.892025463,0.502545667999977,3.18086815320415,97.0400597739244,0.185859650574763,0.0156618720204952,0.00914489366313669,0.68406043566408,1.39134295723473
872_LMSim.mat,/home/danny/cisc1/projects/colour_arctic/hyperspectralOutputs,13-Jun-2025 21:23:06,11764540,0,739781.891041667,0.421703432848112,2.64060494869372,93.0423787766272,0.153079977797412,0.0071580973382462,0.00344243590655477,0.677913110728612,1.45464791846046
873_LMSim.mat,/home/danny/cisc1/projects/colour_arctic/hyperspectralOutputs,13-Jun-2025 21:22:02,11737125,0,739781.890300926,0.695859951427746,4.96432209277224,96.8653581542324,0.222088846674792,0.011040473964009,0.00770307877900493,0.689270128753122,1.42636612292966
874_LMSim.mat,/home/danny/cisc1/projects/colour_arctic/hyperspectralOutputs,13-Jun-2025 21:20:57,11667819,0,739781.889548611,0.485918481062624,3.06138874395591,94.9274218125248,0.146152869443353,0.00911137361867377,0.00418351253523664,0.679839181993463,1.52314263171996
875_LMSim.mat,/home/danny/cisc1/projects/colour_arctic/hyperspectralOutputs,13-Jun-2025 21:19:46,11731101,0,739781.888726852,0.77747130050248,5.99061349511058,92.4940301304073,0.158653407705795,0.00236818174308303,0.00118035951729703,0.672275237285238,1.43309555895079
876_LMSim.mat,/home/danny/cisc1/projects/colour_arctic/hyperspectralOutputs,13-Jun-2025 21:18:33,11791641,0,739781.887881944,0.713502570848471,5.17014318476194,92.3239564843758,0.25506053214383,0.00415186722604655,0.00332687582142678,0.674748159047124,1.37504988428971
877_LMSim.mat,/home/danny/cisc1/projects/colour_arctic/hyperspectralOutputs,13-Jun-2025 21:17:25,11796981,0,739781.887094907,0.715263109363362,5.19114439664768,92.325197036689,0.2583934379031,0.00419002877631454,0.00340132678065708,0.674690551179545,1.37958228524172
878_LMSim.mat,/home/danny/cisc1/projects/colour_arctic/hyperspectralOutputs,13-Jun-2025 21:15:22,11785148,0,739781.885671296,0.261245725423808,1.82492796125289,92.0285853168585,0.284367819433362,0.0157077247491437,0.0140327763260056,0.7001512797691,1.28956927411759
879_LMSim.mat,/home/danny/cisc1/projects/colour_arctic/hyperspectralOutputs,13-Jun-2025 21:13:38,11564148,0,739781.884467593,0.667316165583342,4.6485356461008,92.5793294556347,0.141473438519501,0.00286804093318563,0.00127470628542832,0.667104589573895,1.51054572507889
880_LMSim.mat,/home/danny/cisc1/projects/colour_arctic/hyperspectralOutputs,13-Jun-2025 21:12:14,11587676,0,739781.88349537,0.660610410706113,4.57731089091176,92.5668840482956,0.140805078821945,0.00288932656558726,0.00127809996631695,0.667418763089866,1.50358476949253
881_LMSim.mat,/home/danny/cisc1/projects/colour_arctic/hyperspectralOutputs,13-Jun-2025 21:11:29,11711954,0,739781.882974537,0.288648299500908,1.94378532720651,92.636200396704,0.19594168345924,0.0125453990951547,0.00772255818957914,0.680611590056524,1.4237374470551
882_LMSim.mat,/home/danny/cisc1/projects/colour_arctic/hyperspectralOutputs,13-Jun-2025 21:10:45,11705933,0,739781.882465278,0.554686507169182,3.58662942516277,93.2487915155039,0.192422967070828,0.00657515651032759,0.0039747779745106,0.670141467023412,1.51531913170296
883_LMSim.mat,/home/danny/cisc1/projects/colour_arctic/hyperspectralOutputs,13-Jun-2025 21:09:59,11715477,0,739781.88193287,0.558949282649949,3.62200697781966,93.197812288063,0.200098604721788,0.00665436174499152,0.00418312015517491,0.670515134424181,1.50758309854727
884_LMSim.mat,/home/danny/cisc1/projects/colour_arctic/hyperspectralOutputs,13-Jun-2025 21:09:00,11778507,0,739781.88125,0.311013356221553,2.04650757371651,92.564086428402,0.251740434200519,0.0143965700873365,0.0113857563402592,0.687602704207535,1.40593290261394
885_LMSim.mat,/home/danny/cisc1/projects/colour_arctic/hyperspectralOutputs,13-Jun-2025 21:07:12,11706931,0,739781.88,0.830842464819134,6.77395745753983,94.2617352086393,0.264294826529922,0.00590866091184286,0.00490600065691318,0.706651011610984,0.758216265617081
886_LMSim.mat,/home/danny/cisc1/projects/colour_arctic/hyperspectralOutputs,13-Jun-2025 21:26:07,11720161,0,739781.893136574,0.829109949382501,6.74698818099295,94.2542743124731,0.264372095759775,0.00592474452330544,0.00492079320955527,0.707430952342236,0.747653875999152
887_LMSim.mat,/home/danny/cisc1/projects/colour_arctic/hyperspectralOutputs,13-Jun-2025 21:25:08,11708451,0,739781.892453704,0.522575155770881,3.33100401197717,95.9921755489992,0.0895816669790671,0.00610884172817839,0.00171920587161886,0.746390894966863,0.237285076153604
888_LMSim.mat,/home/danny/cisc1/projects/colour_arctic/hyperspectralOutputs,13-Jun-2025 21:23:49,11763326,0,739781.891539352,0.473396222413898,2.9743784262342,92.3555895201778,0.330290400153185,0.0102728210670276,0.0106594684243376,0.737356076043198,0.590349412414553
889_LMSim.mat,/home/danny/cisc1/projects/colour_arctic/hyperspectralOutputs,13-Jun-2025 21:22:42,11720249,0,739781.890763889,0.572418084654512,3.73609649584627,96.4472848122629,0.0938129243588252,0.00601110072612252,0.00177160359200219,0.747693372849621,0.235983313064162
890_LMSim.mat,/home/danny/cisc1/projects/colour_arctic/hyperspectralOutputs,13-Jun-2025 21:21:39,11741685,0,739781.890034722,0.444465328283489,2.78269320984758,96.7542925047159,0.118476837954849,0.0113161086763036,0.00421192313564449,0.750176616260279,0.259521004095806
891_LMSim.mat,/home/danny/cisc1/projects/colour_arctic/hyperspectralOutputs,13-Jun-2025 21:20:11,11749703,0,739781.889016204,0.446071267454251,2.79300213354581,96.7063265603287,0.121075775454963,0.011431261635225,0.00434811775250454,0.750615723637479,0.263104218082721
892_LMSim.mat,/home/danny/cisc1/projects/colour_arctic/hyperspectralOutputs,13-Jun-2025 21:19:15,11751638,0,739781.888368056,0.330559926882542,2.14072029742136,94.1778127449118,0.101326065425507,0.00873274247870497,0.0027798521948214,0.743914233624553,0.334532924190694
893_LMSim.mat,/home/danny/cisc1/projects/colour_arctic/hyperspectralOutputs,13-Jun-2025 21:18:06,11765672,0,739781.887569444,0.376630848984055,2.3802953543076,95.121330682589,0.0976536533948913,0.0087869188007712,0.0026957212459437,0.743883226572727,0.328009981669899
894_LMSim.mat,/home/danny/cisc1/projects/colour_arctic/hyperspectralOutputs,13-Jun-2025 21:16:30,11793966,0,739781.886458333,0.341217755728016,2.19390468582731,91.9457340320877,0.299531263020866,0.0116778948856767,0.0109889599926281,0.733483372424606,0.642144388708342
895_LMSim.mat,/home/danny/cisc1/projects/colour_arctic/hyperspectralOutputs,13-Jun-2025 21:14:38,11830309,0,739781.885162037,0.479383155173557,3.01566541383713,94.3532341246654,0.140371099681012,0.00789145086547425,0.00348004157001174,0.736265358224206,0.351505852923824
896_LMSim.mat,/home/danny/cisc1/projects/colour_arctic/hyperspectralOutputs,13-Jun-2025 21:13:07,11835115,0,739781.884108796,0.464754455173908,2.91577800240553,94.2222376954446,0.141984649359292,0.00807795068611506,0.00360323397259316,0.736358733857463,0.354219422168205
897_LMSim.mat,/home/danny/cisc1/projects/colour_arctic/hyperspectralOutputs,13-Jun-2025 21:12:06,11833192,0,739781.883402778,0.826560756604527,6.70750116236841,93.8969097991898,0.349695069063462,0.00722757579644319,0.00794021086683832,0.720450257993476,0.683054909026271
898_LMSim.mat,/home/danny/cisc1/projects/colour_arctic/hyperspectralOutputs,13-Jun-2025 21:11:22,11845364,0,739781.882893519,0.812512145716871,6.49399792791831,93.8957817789406,0.33895342729319,0.00724459773471361,0.00771443595730426,0.721510717244722,0.674162727177684
899_LMSim.mat,/home/danny/cisc1/projects/colour_arctic/hyperspectralOutputs,13-Jun-2025 21:10:40,11740383,0,739781.882407407,0.452626405814509,2.83547880826678,95.5553331319729,0.0760877438322728,0.00587044982490758,0.00140325293635358,0.746220303378943,0.27026021502425
900_LMSim.mat,/home/danny/cisc1/projects/colour_arctic/hyperspectralOutputs,13-Jun-2025 21:09:57,11753771,0,739781.881909722,0.490007441764754,3.09034838609606,95.9209987568958,0.0747161190118501,0.00551161634855876,0.00129372853599904,0.74638209466943,0.27122032798543
901_LMSim.mat,/home/danny/cisc1/projects/colour_arctic/hyperspectralOutputs,13-Jun-2025 21:08:59,11773486,0,739781.881238426,0.481056182627335,3.02730503093439,95.031068522043,0.0889000445062776,0.00573516880406988,0.00160176225767125,0.745719288338971,0.291669102231624
902_LMSim.mat,/home/danny/cisc1/projects/colour_arctic/hyperspectralOutputs,13-Jun-2025 21:26:09,11766140,0,739781.893159722,0.246808540778104,1.7652594324708,91.5203812254039,0.247914253489213,0.0109489764386851,0.00852756209620302,0.732722449771701,0.719545071690585
903_LMSim.mat,/home/danny/cisc1/projects/colour_arctic/hyperspectralOutputs,13-Jun-2025 21:25:13,11641233,0,739781.892511574,1.06144339972151,11.5197591652583,94.1227251240666,0.225013022944688,0.00282210141983366,0.00199494140488812,0.725816773725939,0.546130303040405
904_LMSim.mat,/home/danny/cisc1/projects/colour_arctic/hyperspectralOutputs,13-Jun-2025 21:23:51,11686800,0,739781.8915625,0.510900226934622,3.24265113430211,95.3227850438784,0.109043273205179,0.00683806894980214,0.00234251417581982,0.717172395531733,0.636764999503929
905_LMSim.mat,/home/danny/cisc1/projects/colour_arctic/hyperspectralOutputs,13-Jun-2025 21:22:09,11686836,0,739781.890381944,0.672105258819294,4.70008009415418,94.3718633233281,0.084685141084959,0.0028655617113568,0.000762371853175148,0.718502642107076,0.611232965002403
906_LMSim.mat,/home/danny/cisc1/projects/colour_arctic/hyperspectralOutputs,13-Jun-2025 21:20:57,11724492,0,739781.889548611,0.831347849717067,6.78184484418069,98.9288776013453,0.120266132125019,0.00554711566127542,0.00209585116261992,0.750763320956163,0.244631148305755
907_LMSim.mat,/home/danny/cisc1/projects/colour_arctic/hyperspectralOutputs,13-Jun-2025 21:19:44,11734902,0,739781.888703704,0.880865029709967,7.60090019014585,99.2366424024067,0.113849542420636,0.0048210380806793,0.0017243353200814,0.751228960523541,0.241841969952154
908_LMSim.mat,/home/danny/cisc1/projects/colour_arctic/hyperspectralOutputs,13-Jun-2025 21:18:33,11759323,0,739781.887881944,0.340605705482009,2.19081499849635,93.6727066633368,0.169098935154198,0.012398323791229,0.00658648518878629,0.754716229742983,0.296093111501256
909_LMSim.mat,/home/danny/cisc1/projects/colour_arctic/hyperspectralOutputs,13-Jun-2025 21:17:25,11778227,0,739781.887094907,0.33862406014562,2.18084128524707,93.5753777607353,0.186335057192908,0.0133978558152001,0.00784295536503128,0.754196200092981,0.318586367929737
910_LMSim.mat,/home/danny/cisc1/projects/colour_arctic/hyperspectralOutputs,13-Jun-2025 21:15:22,11773864,0,739781.885671296,0.143013208467659,1.38999490534837,90.9735217493276,0.274709467260537,0.0138832045304395,0.0119815559804009,0.719688928047863,1.08448530464258
911_LMSim.mat,/home/danny/cisc1/projects/colour_arctic/hyperspectralOutputs,13-Jun-2025 21:13:54,11814891,0,739781.884652778,0.283119260698224,1.91919569462485,93.0796727807713,0.186019655275734,0.0141921028585475,0.0082938362770814,0.75031507797118,0.365746583450821
912_LMSim.mat,/home/danny/cisc1/projects/colour_arctic/hyperspectralOutputs,13-Jun-2025 21:12:36,11828136,0,739781.88375,0.302386423693261,2.00625634703008,92.792241152129,0.223998941307804,0.0143970134348791,0.0101313716833322,0.748800315330976,0.399773457808396
913_LMSim.mat,/home/danny/cisc1/projects/colour_arctic/hyperspectralOutputs,13-Jun-2025 21:11:52,11797873,0,739781.883240741,0.395490372377315,2.48593845428845,94.1869218007453,0.140369109869066,0.00976315791904387,0.0043053824153486,0.760563369117252,0.252314129970745
914_LMSim.mat,/home/danny/cisc1/projects/colour_arctic/hyperspectralOutputs,13-Jun-2025 21:11:07,11780683,0,739781.882719907,0.2930413349931,1.96354715313561,98.0759829200021,0.109013045126682,0.020141233303825,0.00689786045096049,0.77111969428525,0.234073012201356
915_LMSim.mat,/home/danny/cisc1/projects/colour_arctic/hyperspectralOutputs,13-Jun-2025 21:10:27,11802368,0,739781.882256944,0.222437373259908,1.66892712489518,90.9762192587177,0.424278886806627,0.0134990776864297,0.0179930749948735,0.742308437866021,0.564800951819623
916_LMSim.mat,/home/danny/cisc1/projects/colour_arctic/hyperspectralOutputs,13-Jun-2025 21:09:39,11780999,0,739781.881701389,0.3755008849655,2.37411026047438,93.0172269719183,0.238310942423685,0.0127915480870456,0.00957672385306186,0.750882736196125,0.40990865437647
917_LMSim.mat,/home/danny/cisc1/projects/colour_arctic/hyperspectralOutputs,13-Jun-2025 21:08:15,11512396,0,739781.880729167,0.79191302538428,6.1931703423047,96.6960663099277,0.0578171431220695,0.00221688516630281,0.000402670392936885,0.753380753506155,0.231604459404604
918_LMSim.mat,/home/danny/cisc1/projects/colour_arctic/hyperspectralOutputs,13-Jun-2025 21:07:06,11813591,0,739781.879930556,0.272529085244888,1.87296251346056,91.4074438768291,0.314916925593008,0.0115340092378459,0.0114110647724166,0.726177028679534,0.591825477193337
919_LMSim.mat,/home/danny/cisc1/projects/colour_arctic/hyperspectralOutputs,13-Jun-2025 21:26:44,11845136,0,739781.893564815,0.220423181485726,1.66120481593358,91.0520298628581,0.368834226110391,0.0127690054247515,0.0147957900098594,0.722953800561647,0.706716408160713
920_LMSim.mat,/home/danny/cisc1/projects/colour_arctic/hyperspectralOutputs,13-Jun-2025 21:26:00,11773524,0,739781.893055556,0.111565840853055,1.29290269538542,90.7014927261239,0.325725402795107,0.0153191240758095,0.0156760065478462,0.717182717183939,1.14605828494144
921_LMSim.mat,/home/danny/cisc1/projects/colour_arctic/hyperspectralOutputs,13-Jun-2025 21:25:08,11827555,0,739781.892453704,0.335719864742479,2.16630631008343,92.1864247665893,0.392145823999296,0.017504748679633,0.0215651928916583,0.722676140760503,0.813030949971868
922_LMSim.mat,/home/danny/cisc1/projects/colour_arctic/hyperspectralOutputs,13-Jun-2025 21:23:47,11793077,0,739781.891516204,0.265870999847761,1.84446746857161,91.2626243222416,0.296967431354957,0.0100355362529866,0.00936266057912578,0.721001577602504,0.657007314084254
923_LMSim.mat,/home/danny/cisc1/projects/colour_arctic/hyperspectralOutputs,13-Jun-2025 21:22:10,11810841,0,739781.890393518,0.219922744826562,1.65929171540354,90.9903421774508,0.365569342828997,0.0119451363575805,0.0137186302963965,0.721449708104218,0.72059873578794
924_LMSim.mat,/home/danny/cisc1/projects/colour_arctic/hyperspectralOutputs,13-Jun-2025 21:20:57,11767567,0,739781.889548611,0.12355750768643,1.32909953997348,90.7464223671522,0.306460112940318,0.0138157817358645,0.0133014594108055,0.716114021554358,1.14487836913904
925_LMSim.mat,/home/danny/cisc1/projects/colour_arctic/hyperspectralOutputs,13-Jun-2025 21:19:51,11800521,0,739781.888784722,0.280560208296389,1.90792020965119,91.4307740183648,0.33430431213752,0.0120449697962197,0.0126502050901348,0.721845218370382,0.719707235844874
926_LMSim.mat,/home/danny/cisc1/projects/colour_arctic/hyperspectralOutputs,13-Jun-2025 21:18:33,11815145,0,739781.887881944,0.223843277036137,1.67433855185429,91.0802648740313,0.429005750575018,0.0149973882369569,0.020212899682122,0.723655324875398,0.765947547527496
927_LMSim.mat,/home/danny/cisc1/projects/colour_arctic/hyperspectralOutputs,13-Jun-2025 21:16:54,11776167,0,739781.886736111,0.106983140354305,1.27933163855568,90.6792848621802,0.305438877593873,0.0145183103986653,0.0139312557517216,0.716898724815569,1.1403746347024
928_LMSim.mat,/home/danny/cisc1/projects/colour_arctic/hyperspectralOutputs,13-Jun-2025 21:14:58,11828740,0,739781.885393518,0.229805234627451,1.69748222233593,91.1646597633497,0.549834408122062,0.0201348975226576,0.0347801307546463,0.718867482894446,0.95980698798142
929_LMSim.mat,/home/danny/cisc1/projects/colour_arctic/hyperspectralOutputs,13-Jun-2025 21:12:44,11825382,0,739781.883842593,0.209931548043863,1.62155449354688,91.1398147223516,0.493462041231884,0.0195027266818439,0.0302342331662719,0.719744525215222,1.01269926105294
930_LMSim.mat,/home/danny/cisc1/projects/colour_arctic/hyperspectralOutputs,13-Jun-2025 21:11:57,11788461,0,739781.883298611,0.245984666655928,1.76191383860296,92.4751073906128,0.171888393516692,0.0123545460938757,0.00667149583748102,0.731724453146757,0.426479162251428
931_LMSim.mat,/home/danny/cisc1/projects/colour_arctic/hyperspectralOutputs,13-Jun-2025 21:11:07,11796564,0,739781.882719907,0.228167989422449,1.69109493747828,92.0127926472952,0.203676098708457,0.0129488570649896,0.00828555066683574,0.731418927511667,0.473844460118926
932_LMSim.mat,/home/danny/cisc1/projects/colour_arctic/hyperspectralOutputs,13-Jun-2025 21:10:21,11799708,0,739781.8821875,0.126604075440191,1.33845592772542,92.8285954749881,0.126252597085363,0.020492287988369,0.00812794289794363,0.72816892433974,0.410416533426142
933_LMSim.mat,/home/danny/cisc1/projects/colour_arctic/hyperspectralOutputs,13-Jun-2025 21:09:32,11809615,0,739781.88162037,0.148537169614516,1.40778771040735,93.1014934312193,0.131285579139091,0.0198730408303435,0.00819655244122702,0.72762939328754,0.432630220117014
934_LMSim.mat,/home/danny/cisc1/projects/colour_arctic/hyperspectralOutputs,13-Jun-2025 21:07:34,11764558,0,739781.88025463,0.0957865125425789,1.24677048482725,90.6219899915464,0.283434145120134,0.0138042244810597,0.0122917594918069,0.716317210148928,1.11635186160915
935_LMSim.mat,/home/danny/cisc1/projects/colour_arctic/hyperspectralOutputs,13-Jun-2025 21:31:05,11825633,0,739781.896585648,0.609351484015729,4.06772405780829,100.598885057294,0.154288813104247,0.0144688767606869,0.00701324689949789,0.758472536880885,0.312484925246166
936_LMSim.mat,/home/danny/cisc1/projects/colour_arctic/hyperspectralOutputs,13-Jun-2025 21:30:26,11664461,0,739781.896134259,0.752161776761333,5.65147455724113,93.6592675584839,0.157915667588407,0.00367251336697069,0.00182195849153634,0.742296731925382,0.377944977173761
937_LMSim.mat,/home/danny/cisc1/projects/colour_arctic/hyperspectralOutputs,13-Jun-2025 21:29:46,11646035,0,739781.895671296,0.492976142478535,3.11154540285899,97.0805217567444,0.0768354376188209,0.00668610370982305,0.00161392946561657,0.745261696314122,0.312955381900893
938_LMSim.mat,/home/danny/cisc1/projects/colour_arctic/hyperspectralOutputs,13-Jun-2025 21:29:04,11655087,0,739781.895185185,0.486486991960151,3.06539886286031,97.1207814154997,0.0756806213278433,0.00674305795534776,0.00160321384242436,0.745212686073823,0.31492377909093
939_LMSim.mat,/home/danny/cisc1/projects/colour_arctic/hyperspectralOutputs,13-Jun-2025 21:28:23,11741855,0,739781.894710648,0.0843982576383401,1.21450206520147,90.5072679611707,0.211017460437483,0.00953331332328966,0.00631992801465758,0.735603530576947,0.635259176503414
940_LMSim.mat,/home/danny/cisc1/projects/colour_arctic/hyperspectralOutputs,13-Jun-2025 21:27:44,11771141,0,739781.894259259,0.759863245969299,5.75258766851258,99.7614845051508,0.177050946540862,0.0105681174200284,0.00587821891051992,0.746197917564847,0.391402829823422
941_LMSim.mat,/home/danny/cisc1/projects/colour_arctic/hyperspectralOutputs,13-Jun-2025 21:27:02,11657913,0,739781.893773148,0.132549678645287,1.35690573693108,91.9261598597533,0.0499686368734312,0.00535316547554346,0.000840345818277136,0.746488984146552,0.296762395149662
942_LMSim.mat,/home/danny/cisc1/projects/colour_arctic/hyperspectralOutputs,13-Jun-2025 21:26:21,11643665,0,739781.893298611,0.349130393723491,2.2342429371436,94.5581013243639,0.029066527991237,0.00255759684796588,0.000233547444168214,0.745233045721353,0.262965820787346
943_LMSim.mat,/home/danny/cisc1/projects/colour_arctic/hyperspectralOutputs,13-Jun-2025 21:31:12,11691285,0,739781.896666667,0.292866624899504,1.96275740671185,93.1709398697044,0.0474415036781637,0.00358535981360143,0.000534368765054003,0.744350181950949,0.318873063414848
944_LMSim.mat,/home/danny/cisc1/projects/colour_arctic/hyperspectralOutputs,13-Jun-2025 21:30:30,11730766,0,739781.896180556,0.244368169672285,1.75536797041027,92.4363411114432,0.0698914472926751,0.00498154356945938,0.00109379979992203,0.743060077865489,0.353606210780359
945_LMSim.mat,/home/danny/cisc1/projects/colour_arctic/hyperspectralOutputs,13-Jun-2025 21:29:48,11845529,0,739781.895694444,0.17543383917535,1.49773106992255,91.7746078466781,0.275527702683722,0.0204359537853465,0.0176892759007055,0.725932916987933,0.617364936449735
946_LMSim.mat,/home/danny/cisc1/projects/colour_arctic/hyperspectralOutputs,13-Jun-2025 21:29:08,11870146,0,739781.895231482,0.157848062673589,1.4382953045946,91.4390304261216,0.317713989871416,0.0213725444982876,0.0213325337383163,0.725924438424082,0.645790843622567
947_LMSim.mat,/home/danny/cisc1/projects/colour_arctic/hyperspectralOutputs,13-Jun-2025 21:28:30,11789941,0,739781.894791667,0.176173560958674,1.50028428763885,91.3154951872119,0.318187963149247,0.0174656410934872,0.0174589511851469,0.718222192903814,1.07716601709351
948_LMSim.mat,/home/danny/cisc1/projects/colour_arctic/hyperspectralOutputs,13-Jun-2025 21:27:49,11776191,0,739781.89431713,-0.23388558028702,0.583598839628312,86.9186512310048,0.11087823036931,0.0104410900170529,0.0036369890929151,0.722214777421547,0.345796876639135
949_LMSim.mat,/home/danny/cisc1/projects/colour_arctic/hyperspectralOutputs,13-Jun-2025 21:27:07,11805941,0,739781.893831018,-0.214587729980192,0.610115797299609,87.4016808968913,0.127466682189119,0.0111350853452331,0.0044590270250985,0.721612524709562,0.389014749073041
950_LMSim.mat,/home/danny/cisc1/projects/colour_arctic/hyperspectralOutputs,13-Jun-2025 21:26:27,11775198,0,739781.893368056,-0.00194071172229131,0.995541315696484,89.9871941474891,0.312904556255188,0.0156112328642017,0.0153461331362765,0.71704778338625,1.05086521101884
951_LMSim.mat,/home/danny/cisc1/projects/colour_arctic/hyperspectralOutputs,13-Jun-2025 21:31:32,11723392,0,739781.896898148,0.349911361240532,2.23826426604569,92.0106572359482,0.137872679176709,0.00538875933890711,0.00233408612092132,0.726426041732135,0.41826864727811
952_LMSim.mat,/home/danny/cisc1/projects/colour_arctic/hyperspectralOutputs,13-Jun-2025 20:45:06,11457869,0,739781.864652778,0.689246089163204,4.88929328384675,95.4946334852656,0.107793005383983,0.00437890584639312,0.00148288018049074,0.703532735883237,0.847421445759562
953_LMSim.mat,/home/danny/cisc1/projects/colour_arctic/hyperspectralOutputs,13-Jun-2025 20:44:19,11451715,0,739781.864108796,0.79917319326352,6.29757275093124,94.348723228469,0.125540971592867,0.00309057989457969,0.00121892036531623,0.707581686168354,0.845046367282639
954_LMSim.mat,/home/danny/cisc1/projects/colour_arctic/hyperspectralOutputs,13-Jun-2025 20:43:32,11430045,0,739781.863564815,0.375682121583482,2.37510121367437,94.1520187597449,0.0140351905651425,0.00103174151674063,4.54924255574733e-05,0.739635372211397,0.256801285971157
955_LMSim.mat,/home/danny/cisc1/projects/colour_arctic/hyperspectralOutputs,13-Jun-2025 20:42:53,11459145,0,739781.863113426,0.417914705560563,2.61766885357657,92.3955654151219,0.0254794008049541,0.000950582300118281,7.60902142034763e-05,0.739991110479503,0.27399517268607
956_LMSim.mat,/home/danny/cisc1/projects/colour_arctic/hyperspectralOutputs,13-Jun-2025 20:42:14,11486656,0,739781.862662037,0.523546093613129,3.33845935846033,92.3160246850724,0.0275846104222774,0.00073251848212783,6.34797655795936e-05,0.739971309749181,0.275390967591142
957_LMSim.mat,/home/danny/cisc1/projects/colour_arctic/hyperspectralOutputs,13-Jun-2025 20:41:33,11514135,0,739781.8621875,0.522228419546323,3.32834563416225,92.2908706232299,0.0302296286205215,0.000796956951513796,7.56863475389971e-05,0.739790999761249,0.279922951982769
958_LMSim.mat,/home/danny/cisc1/projects/colour_arctic/hyperspectralOutputs,13-Jun-2025 20:40:54,11728255,0,739781.861736111,0.233526341974386,1.71208901969248,91.5396531278822,0.189981351900618,0.00902690052345886,0.00538765159159684,0.730182430947852,0.607792644524717
959_LMSim.mat,/home/danny/cisc1/projects/colour_arctic/hyperspectralOutputs,13-Jun-2025 20:40:15,11676206,0,739781.861284722,0.619838159923901,4.16714065808096,92.3854077694501,0.175579246579673,0.00371678189135632,0.00205017120897248,0.691835239763279,0.885343973698149
960_LMSim.mat,/home/danny/cisc1/projects/colour_arctic/hyperspectralOutputs,13-Jun-2025 21:06:22,11644664,0,739781.879421296,0.511169445863701,3.24466187526001,93.9771239749588,0.146398255806031,0.00688383710522507,0.00316603972795209,0.698396634947181,0.903740881860127
961_LMSim.mat,/home/danny/cisc1/projects/colour_arctic/hyperspectralOutputs,13-Jun-2025 21:05:27,11553202,0,739781.878784722,0.56915583241052,3.7081375233542,91.958402733939,0.0978053539529419,0.00194221976544363,0.000596775343332982,0.691205017418872,0.92989352493789
962_LMSim.mat,/home/danny/cisc1/projects/colour_arctic/hyperspectralOutputs,13-Jun-2025 21:04:46,11552804,0,739781.878310185,0.569317229454507,3.709515836183,91.9550118018566,0.0983175691881509,0.00194818167883211,0.000601742186823154,0.691059226047927,0.93402915257387
963_LMSim.mat,/home/danny/cisc1/projects/colour_arctic/hyperspectralOutputs,13-Jun-2025 21:03:58,11723652,0,739781.87775463,0.656675242910688,4.53602294695149,92.9332163544182,0.147683687053921,0.00349577755062749,0.00162190789606484,0.693503246218835,0.928303468595914
964_LMSim.mat,/home/danny/cisc1/projects/colour_arctic/hyperspectralOutputs,13-Jun-2025 21:03:18,11724093,0,739781.877291667,0.710678982960339,5.13663826819414,92.9126202995578,0.146917448719159,0.00301601856982929,0.00139205778017551,0.693653071555973,0.924171904230886
965_LMSim.mat,/home/danny/cisc1/projects/colour_arctic/hyperspectralOutputs,13-Jun-2025 21:02:33,11586429,0,739781.876770833,0.547384348198394,3.52682855333226,94.0165504898498,0.142474178162553,0.00612750207086641,0.0027426443840703,0.684845451280275,1.09901331269808
966_LMSim.mat,/home/danny/cisc1/projects/colour_arctic/hyperspectralOutputs,13-Jun-2025 21:01:46,11705639,0,739781.876226852,0.274404646977243,1.8810686563595,92.6835265390335,0.0975539041303423,0.00672964640576212,0.00206246588244438,0.692808114286949,0.975984415774841
967_LMSim.mat,/home/danny/cisc1/projects/colour_arctic/hyperspectralOutputs,13-Jun-2025 21:01:04,11743488,0,739781.875740741,0.653133334261512,4.49917964572778,93.6787751115339,0.150396322116371,0.00449918572310872,0.00212579318030774,0.696477497599243,0.85915361478323
968_LMSim.mat,/home/danny/cisc1/projects/colour_arctic/hyperspectralOutputs,13-Jun-2025 21:00:22,11670642,0,739781.87525463,0.519744584431922,3.30936435200277,92.4986788027301,0.106464200080685,0.00308138216987681,0.0010306211088568,0.690226721897405,0.943124296374683
969_LMSim.mat,/home/danny/cisc1/projects/colour_arctic/hyperspectralOutputs,13-Jun-2025 20:59:44,11709077,0,739781.874814815,0.368204274230249,2.33455588297366,92.3528450736996,0.107574178438853,0.0046211250920155,0.00156172885861831,0.69202540695044,0.957109368497606
970_LMSim.mat,/home/danny/cisc1/projects/colour_arctic/hyperspectralOutputs,13-Jun-2025 20:59:01,11635825,0,739781.87431713,0.757526707487232,5.72172140018246,93.1793399439203,0.179025361184389,0.00357305607673074,0.00200957520464651,0.68660113347001,1.06751627242727
971_LMSim.mat,/home/danny/cisc1/projects/colour_arctic/hyperspectralOutputs,13-Jun-2025 20:58:18,11722079,0,739781.873819444,0.590205803086479,3.89229549054015,93.39713799761,0.167752942263953,0.00545335357827574,0.00287397956415718,0.690998336647884,1.00599570451002
972_LMSim.mat,/home/danny/cisc1/projects/colour_arctic/hyperspectralOutputs,13-Jun-2025 20:57:30,11691432,0,739781.873263889,0.407094212511201,2.55325512615591,92.134034445793,0.101745330766432,0.00349890923244523,0.00111839968731386,0.691250972699769,0.951080527249828
973_LMSim.mat,/home/danny/cisc1/projects/colour_arctic/hyperspectralOutputs,13-Jun-2025 20:56:45,11681032,0,739781.872743056,0.0851284526039485,1.21654576889263,90.7184263965691,0.0823084823063115,0.0052101125658578,0.00134722946585828,0.694305436755233,0.927659083960186
974_LMSim.mat,/home/danny/cisc1/projects/colour_arctic/hyperspectralOutputs,13-Jun-2025 20:56:02,11669668,0,739781.87224537,0.172593771915656,1.48796861833013,92.3037848213499,0.146157697159486,0.0142531182979902,0.00654457507666962,0.694092164935211,1.02212883639729
975_LMSim.mat,/home/danny/cisc1/projects/colour_arctic/hyperspectralOutputs,13-Jun-2025 20:55:15,11668976,0,739781.871701389,0.304173498990781,2.01452888574134,95.2606891305524,0.163840060110218,0.0194296586309871,0.0100008091994475,0.703493969847884,1.01974434500078
976_LMSim.mat,/home/danny/cisc1/projects/colour_arctic/hyperspectralOutputs,13-Jun-2025 20:53:56,11567911,0,739781.870787037,0.0810625458451333,1.20520949868762,91.1521053774954,0.133495002852623,0.0141340565068676,0.00592763842909353,0.704139764452313,1.05881214049522
977_LMSim.mat,/home/danny/cisc1/projects/colour_arctic/hyperspectralOutputs,13-Jun-2025 20:53:14,11563933,0,739781.870300926,0.137194348462382,1.37149537835039,91.8115039565512,0.159741249876346,0.0155650269008929,0.00781118325075193,0.707182425883843,1.07124934457495
978_LMSim.mat,/home/danny/cisc1/projects/colour_arctic/hyperspectralOutputs,13-Jun-2025 20:52:31,11641071,0,739781.869803241,1.12296082924792,13.272747401265,94.2274566589125,0.296927080907087,0.00330762730450041,0.00308543392110293,0.722502492714489,0.622138842004743
979_LMSim.mat,/home/danny/cisc1/projects/colour_arctic/hyperspectralOutputs,13-Jun-2025 20:51:48,11781281,0,739781.869305556,0.574839887617009,3.75698868954398,96.5514635498389,0.135665859557425,0.00877357855323283,0.00373935943394376,0.757777171549527,0.291161987155091
980_LMSim.mat,/home/danny/cisc1/projects/colour_arctic/hyperspectralOutputs,13-Jun-2025 20:51:01,11754964,0,739781.868761574,0.318801714355395,2.08353938522135,95.3679891460723,0.165114311100325,0.0189287249607254,0.0098187443040745,0.733490216938836,0.47235411409077
981_LMSim.mat,/home/danny/cisc1/projects/colour_arctic/hyperspectralOutputs,13-Jun-2025 20:49:47,11613771,0,739781.867905093,0.371461332633399,2.35213006239634,95.8388756581484,0.126161781724778,0.0131087487906554,0.00519563851264333,0.744431928754932,0.332246821810359
982_LMSim.mat,/home/danny/cisc1/projects/colour_arctic/hyperspectralOutputs,13-Jun-2025 20:48:30,11484044,0,739781.867013889,0.546288224711529,3.51793835245758,95.3382010417198,0.0427315545393689,0.00244016458611742,0.000327580231160358,0.733753428563445,0.43737683044317
983_LMSim.mat,/home/danny/cisc1/projects/colour_arctic/hyperspectralOutputs,13-Jun-2025 20:47:50,11608264,0,739781.866550926,0.758645663415996,5.73648237284787,97.434804262658,0.0481532954023627,0.00221692930464082,0.000335372717989932,0.743431487624673,0.337339023505258
984_LMSim.mat,/home/danny/cisc1/projects/colour_arctic/hyperspectralOutputs,13-Jun-2025 20:47:08,11753508,0,739781.866064815,0.388939537640432,2.44872230765972,93.5920981262896,0.234675743382063,0.0143304177109088,0.0105651805842475,0.769799497692258,0.305940929591854
985_LMSim.mat,/home/danny/cisc1/projects/colour_arctic/hyperspectralOutputs,13-Jun-2025 20:46:27,11657027,0,739781.865590278,0.787787209513211,6.13461354958705,93.6355548585198,0.132122483570435,0.00279899742946715,0.00116179392453723,0.733483745639276,0.447702473664804
986_LMSim.mat,/home/danny/cisc1/projects/colour_arctic/hyperspectralOutputs,13-Jun-2025 20:45:44,11667307,0,739781.865092593,0.772061887517219,5.91645938468935,93.5930923810086,0.132780319853419,0.00288861881716526,0.00120496329874073,0.733683144873889,0.447246747372378
987_LMSim.mat,/home/danny/cisc1/projects/colour_arctic/hyperspectralOutputs,13-Jun-2025 20:44:59,11837315,0,739781.864571759,0.488019192931303,3.07623276079091,93.7679668057154,0.148568214430185,0.00706623482682736,0.00329810017386633,0.725899278067273,0.570946356943911
988_LMSim.mat,/home/danny/cisc1/projects/colour_arctic/hyperspectralOutputs,13-Jun-2025 20:44:17,11818391,0,739781.864085648,0.452251731264018,2.83303363879097,92.3617315887739,0.200532229040459,0.00665105733389131,0.00419010345117278,0.732349543520339,0.551739198702
989_LMSim.mat,/home/danny/cisc1/projects/colour_arctic/hyperspectralOutputs,13-Jun-2025 20:43:38,11766020,0,739781.863634259,0.310055735975589,2.04199999165274,91.7081269909562,0.254931548262023,0.00977201132566034,0.00782631669644785,0.723605089581676,0.708730786673542
990_LMSim.mat,/home/danny/cisc1/projects/colour_arctic/hyperspectralOutputs,13-Jun-2025 20:42:55,11792839,0,739781.863136574,0.543038200804402,3.49171027421883,93.5037918320347,0.251180357379712,0.00954660973646686,0.00753329051170541,0.709367917045718,0.81917193126623
991_LMSim.mat,/home/danny/cisc1/projects/colour_arctic/hyperspectralOutputs,13-Jun-2025 20:42:11,11746621,0,739781.862627315,0.426857920721592,2.67213207863595,92.6888915664733,0.296943417691743,0.0120910744263481,0.0112794641937448,0.712598986330451,0.72718246502445
992_LMSim.mat,/home/danny/cisc1/projects/colour_arctic/hyperspectralOutputs,13-Jun-2025 20:41:27,11768851,0,739781.862118056,0.425640219265511,2.66465028498177,92.7238131143765,0.29624024715395,0.0122634868932191,0.0114132125513651,0.712631853449824,0.729986078571221
994_LMSim.mat,/home/danny/cisc1/projects/colour_arctic/hyperspectralOutputs,13-Jun-2025 21:07:09,11749642,0,739781.879965278,0.765753714806264,5.83114330661934,93.7381286231983,0.220978596771923,0.00507761467381357,0.00352500570755125,0.716452970354533,0.664527732728363
995_LMSim.mat,/home/danny/cisc1/projects/colour_arctic/hyperspectralOutputs,13-Jun-2025 21:06:14,11599295,0,739781.879328704,0.530060701713733,3.38891519988671,93.7703881726958,0.130368761403196,0.00551996031480738,0.00226078554412451,0.748026834149102,0.28567231644999
996_LMSim.mat,/home/danny/cisc1/projects/colour_arctic/hyperspectralOutputs,13-Jun-2025 21:05:22,11707847,0,739781.878726852,0.42936531533636,2.68760422619609,93.1555475834849,0.0541946914257505,0.00256705506589688,0.000437060748684581,0.749362317737709,0.254744075333538
997_LMSim.mat,/home/danny/cisc1/projects/colour_arctic/hyperspectralOutputs,13-Jun-2025 21:04:36,11638116,0,739781.878194444,0.261472706782567,1.82588199799615,92.9609814173221,0.141705496352336,0.0113646106936999,0.00505930814310919,0.751348496716734,0.280391659439926
998_LMSim.mat,/home/danny/cisc1/projects/colour_arctic/hyperspectralOutputs,13-Jun-2025 21:03:50,11702937,0,739781.877662037,0.448506780002073,2.8087092206787,92.4458688949755,0.136380787208331,0.00473589630784344,0.00202910840861469,0.674110940575497,1.29581662103353
999_LMSim.mat,/home/danny/cisc1/projects/colour_arctic/hyperspectralOutputs,13-Jun-2025 21:03:01,11752491,0,739781.877094907,0.447460065524773,2.801947963624,92.8955798883597,0.168679280158152,0.00694926446159818,0.00368256525445833,0.686819766062847,1.05617558192701
